Date,AAPL,MSFT,INTC,CSCO,JPM,JNJ,PG,XOM,KO,DIS
2019-01-02,37.43691635131836,94.01616668701172,40.51805877685547,34.21108627319336,80.07450103759766,103.28160095214844,74.78996276855469,49.34521484375,37.12010192871094,104.377685546875
2019-01-03,33.707916259765625,90.55747985839844,38.28902816772461,32.966896057128906,78.9365005493164,101.64041900634766,74.26557159423828,48.58759307861328,36.89071273803711,101.84893798828125
2019-01-04,35.146888732910156,94.76924133300781,40.638526916503906,34.451900482177734,81.84651184082031,103.3462905883789,75.78135681152344,50.37900161743164,37.62631607055664,104.9906997680664
2019-01-07,35.06865310668945,94.8901138305664,40.82787322998047,34.684669494628906,81.90341186523438,102.68333435058594,75.47819519042969,50.640987396240234,37.13592529296875,105.90067291259766
2019-01-08,35.737178802490234,95.57814025878906,41.08606719970703,34.96562957763672,81.74897003173828,105.06832122802734,75.75676727294922,51.00918197631836,37.55512237548828,106.72441864013672
2019-01-09,36.344058990478516,96.94485473632812,41.31842041015625,34.772979736328125,81.61080169677734,104.23558807373047,74.51956939697266,51.27824401855469,36.835350036621094,107.9217529296875
2019-01-10,36.46023941040039,96.32191467285156,41.79176712036133,34.708763122558594,81.60266876220703,104.86619567871094,74.6998291015625,51.01626968383789,37.23084259033203,108.0462646484375
2019-01-11,36.10224914550781,95.57814025878906,42.110191345214844,34.90943908691406,81.21248626708984,104.89852905273438,75.19143676757812,50.78260803222656,37.444393157958984,107.90259552001953
2019-01-14,35.559383392333984,94.8808364868164,41.61103439331055,34.684669494628906,82.04972076416016,103.71009826660156,74.68344116210938,50.7188720703125,37.29411697387695,107.68228149414062
2019-01-15,36.287174224853516,97.63285064697266,41.82618713378906,35.33486557006836,82.65125274658203,104.58322143554688,75.3880844116211,50.7472038269043,37.62631607055664,107.05009460449219
2019-01-16,36.73046875,97.97686004638672,41.42170715332031,35.286705017089844,83.31780242919922,103.51605987548828,74.86367797851562,50.725948333740234,37.1121826171875,106.23593139648438
2019-01-17,36.948570251464844,98.66490936279297,41.71432113647461,35.48737716674805,83.65922546386719,104.36493682861328,74.85295104980469,51.07291793823242,37.22291946411133,106.33171081542969
2019-01-18,37.1761474609375,100.14320373535156,42.33396530151367,36.14558792114258,85.01667022705078,105.65851593017578,75.49710083007812,51.681846618652344,37.657958984375,106.3604507446289
2019-01-22,36.3416862487793,98.25579833984375,41.54218673706055,35.94491958618164,83.67544555664062,104.13050842285156,74.68778228759766,50.90296173095703,37.744964599609375,105.93899536132812
2019-01-23,36.4886589050293,99.21344757080078,41.25817108154297,36.49074935913086,83.46409606933594,104.13050842285156,78.32142639160156,50.48520278930664,38.18000030517578,106.43707275390625
2019-01-24,36.19945526123047,98.73927307128906,42.82450485229492,36.61116027832031,83.51287078857422,102.69950866699219,77.87548828125,50.55601501464844,37.72123718261719,105.89109802246094
2019-01-25,37.39897918701172,99.64112854003906,40.48362350463867,37.02855682373047,84.04122161865234,103.66967010498047,77.29739379882812,50.78260803222656,37.46812438964844,106.40834045410156
2019-01-28,37.052879333496094,97.69796752929688,40.199615478515625,36.72352981567383,84.43951416015625,104.28411102294922,77.2313232421875,50.442726135253906,37.3099365234375,106.14013671875
2019-01-29,36.6688346862793,95.70828247070312,40.053314208984375,36.89209747314453,84.67525482177734,105.367431640625,77.24786376953125,50.63390350341797,37.49184799194336,106.22634887695312
2019-01-30,39.174583435058594,98.9066390991211,40.913936614990234,37.4941291809082,84.87033081054688,106.42652893066406,78.05712890625,51.186195373535156,37.85570526123047,105.48878479003906
2019-01-31,39.456687927246094,97.0936279296875,40.55247497558594,37.959693908691406,84.13064575195312,107.59075164794922,79.66754150390625,51.88718795776367,38.06925964355469,106.82020568847656
2019-02-01,39.475650787353516,95.55953216552734,41.93807601928711,37.99983215332031,84.43951416015625,108.4961929321289,80.49335479736328,53.7564811706543,38.52010726928711,106.6094970703125
2019-02-04,40.59696578979492,98.31158447265625,42.359779357910156,38.00786209106445,84.74028015136719,107.4290542602539,80.955810546875,52.97761535644531,38.95513916015625,107.08841705322266
2019-02-05,41.29155349731445,99.68762969970703,43.03965759277344,37.935611724853516,84.36638641357422,107.4290542602539,80.46858215332031,53.52281951904297,38.96305465698242,107.91217803955078
2019-02-06,41.305782318115234,98.58122253417969,43.21721267700195,38.11220932006836,84.32573699951172,107.52605438232422,80.8649673461914,53.2891731262207,38.96305465698242,106.71485137939453
2019-02-07,40.523468017578125,97.87461853027344,42.63693618774414,37.486106872558594,83.2202377319336,106.75801086425781,80.22080993652344,52.87849426269531,39.089603424072266,106.27423095703125
2019-02-08,40.57107925415039,98.24650573730469,42.29917907714844,37.87942886352539,82.39112091064453,107.04097747802734,80.6915283203125,52.96438980102539,39.15288162231445,106.8106460571289
2019-02-11,40.3377685546875,97.85600280761719,42.23854446411133,38.19247055053711,82.0009536743164,106.71758270263672,81.15400695800781,53.05030822753906,39.239891052246094,104.827880859375
2019-02-12,40.68536376953125,99.38079071044922,43.312469482421875,38.44131851196289,83.3990707397461,108.4638671875,81.9715805053711,53.98101806640625,39.279449462890625,104.59797668457031
2019-02-13,40.51633071899414,99.30641174316406,43.710872650146484,38.12826156616211,83.7973861694336,108.69831085205078,81.95503997802734,54.58955383300781,39.382266998291016,105.55583953857422
2019-02-14,40.663936614990234,99.39006805419922,44.00533676147461,38.85068893432617,83.25275421142578,108.58512115478516,81.31094360351562,54.60386276245117,36.06020736694336,105.99646759033203
2019-02-15,40.57346725463867,100.61737823486328,44.74150848388672,39.6774787902832,85.79701232910156,110.25868225097656,81.32744598388672,55.634796142578125,35.78334426879883,107.8451156616211
2019-02-19,40.694889068603516,100.57085418701172,44.51632308959961,39.854061126708984,85.49625396728516,109.7008285522461,82.57441711425781,56.007083892822266,35.459068298339844,108.72635650634766
2019-02-20,40.95677185058594,100.0479965209961,44.50766372680664,39.83800506591797,85.91079711914062,110.23444366455078,81.98810577392578,56.221885681152344,35.6726188659668,108.88919067382812
2019-02-21,40.72584533691406,102.15818786621094,44.524986267089844,39.661415100097656,85.73198699951172,109.4825668334961,82.4010009765625,55.71355438232422,36.27375793457031,109.47347259521484
2019-02-22,41.18056869506836,103.61479949951172,45.46034622192383,40.22330856323242,85.34993743896484,110.43653869628906,82.78914642333984,56.14311218261719,35.814998626708984,110.39302825927734
2019-02-25,41.48054885864258,104.19369506835938,45.98865509033203,40.76915740966797,86.24407196044922,110.84341430664062,82.22757720947266,56.20038604736328,35.54607009887695,108.802978515625
2019-02-26,41.504364013671875,104.91267395019531,46.10124206542969,41.08220672607422,85.5856704711914,110.77018737792969,82.44231414794922,56.314945220947266,35.34832000732422,108.7167739868164
2019-02-27,41.63291931152344,104.73526000976562,46.10991287231445,41.41130065917969,85.48001098632812,110.57489776611328,81.68254852294922,56.89485549926758,35.54607009887695,108.02711486816406
2019-02-28,41.22342300415039,104.60454559326172,45.867401123046875,41.555789947509766,84.82970428466797,111.20153045654297,81.38525390625,56.579837799072266,35.862464904785156,108.08458709716797
2019-03-01,41.656734466552734,105.07139587402344,46.161869049072266,41.26682662963867,84.88660430908203,112.59317779541016,81.29439544677734,57.27429962158203,35.89410400390625,109.20529174804688
2019-03-04,41.866249084472656,104.81930541992188,46.716156005859375,41.06614685058594,84.69151306152344,112.69898223876953,81.64952850341797,57.496212005615234,36.107669830322266,109.51179504394531
2019-03-05,41.79004669189453,104.29641723632812,46.49099349975586,41.178524017333984,84.62651062011719,112.93499755859375,81.83119201660156,57.41032409667969,36.068115234375,109.1957015991211
2019-03-06,41.54957962036133,104.34307861328125,45.85874557495117,41.475521087646484,84.30948638916016,113.19538879394531,81.69905090332031,56.7588005065918,35.94947052001953,110.00988006591797
2019-03-07,41.06867218017578,103.0732421875,45.55561447143555,41.17049789428711,83.6998291015625,112.50365447998047,81.38525390625,57.38882827758789,35.814998626708984,109.20529174804688
2019-03-08,41.166290283203125,103.1852798461914,45.45168685913086,40.993892669677734,83.73236083984375,112.35717010498047,81.26964569091797,56.56552505493164,35.46697235107422,109.01370239257812
2019-03-11,42.592376708984375,105.35151672363281,46.20517349243164,41.67620086669922,84.82156372070312,112.76409149169922,82.23585510253906,57.116783142089844,36.52687072753906,109.91409301757812
2019-03-12,43.07093048095703,106.08914947509766,46.39571762084961,41.86082077026367,84.569580078125,113.26864624023438,82.62399291992188,57.27429962158203,36.424049377441406,109.89494323730469
2019-03-13,43.261383056640625,106.91085052490234,47.08857345581055,42.2140007019043,84.85408782958984,113.45580291748047,83.55716705322266,57.782596588134766,36.55850601196289,109.28191375732422
2019-03-14,43.7422981262207,106.9948501586914,46.28312683105469,42.334407806396484,85.62628936767578,112.3245849609375,83.67279052734375,57.58930587768555,36.462764739990234,109.65547943115234
2019-03-15,44.31130599975586,108.22737884521484,47.05392837524414,42.70365524291992,86.60986328125,111.98280334472656,84.59770965576172,57.38166427612305,36.14361572265625,110.11524200439453
2019-03-18,44.763671875,109.77734375,46.85472869873047,42.952484130859375,87.13011169433594,111.63285827636719,83.82970428466797,58.04749298095703,36.231380462646484,108.35279846191406
2019-03-19,44.408931732177734,109.85203552246094,46.915348052978516,42.791954040527344,86.81307220458984,112.66647338867188,84.1517562866211,57.897132873535156,36.35107421875,105.36426544189453
2019-03-20,44.79698944091797,109.73065185546875,46.61222839355469,42.7518196105957,84.95976257324219,111.73052215576172,84.00310516357422,58.21931076049805,36.327125549316406,105.35469818115234
2019-03-21,46.446876525878906,112.2516860961914,47.32241439819336,43.29764938354492,83.61854553222656,112.38972473144531,84.63902282714844,58.55580139160156,36.31116485595703,104.08074188232422
2019-03-22,45.485050201416016,109.29180145263672,46.12722396850586,42.334407806396484,81.09056854248047,111.4212646484375,83.95357513427734,57.617942810058594,36.64628601074219,103.66886138916016
2019-03-25,44.93507385253906,109.86138916015625,45.71151351928711,42.32638931274414,80.41588592529297,111.17713928222656,84.2013168334961,57.217002868652344,36.72606658935547,103.24740600585938
2019-03-26,44.4708251953125,110.0948257446289,46.28312683105469,42.72772979736328,81.22062683105469,112.77223205566406,85.07669067382812,57.9615592956543,37.212764739990234,105.49837493896484
2019-03-27,44.87078857421875,109.0303726196289,46.04062271118164,42.65549850463867,80.94425964355469,112.87802124023438,84.97757720947266,57.5177001953125,37.18883514404297,105.63247680664062
2019-03-28,44.930320739746094,109.17976379394531,45.99733352661133,42.83208465576172,81.86278533935547,113.02449035644531,85.5143814086914,57.8040771484375,37.16490173339844,106.04434967041016
2019-03-29,45.22315216064453,110.12281036376953,46.50830841064453,43.33778762817383,82.28546905517578,113.76508331298828,85.92727661132812,57.847023010253906,37.3883056640625,106.35086822509766
2019-04-01,45.530277252197266,111.13123321533203,47.20982360839844,44.1324577331543,85.05728149414062,113.1058578491211,85.58869171142578,58.51285171508789,37.27659225463867,107.76850128173828
2019-04-02,46.192142486572266,111.28996276855469,47.07990264892578,44.38131332397461,85.4637222290039,112.07232666015625,85.67955017089844,58.262271881103516,37.15691375732422,107.24166870117188
2019-04-03,46.5087890625,112.01828002929688,48.0499153137207,44.65420913696289,85.63443756103516,111.63285827636719,85.62999725341797,57.91862869262695,36.84574508666992,107.77806091308594
2019-04-04,46.5897216796875,111.44869232177734,48.43098831176758,44.5411262512207,86.46171569824219,110.33074188232422,85.41526794433594,58.741943359375,37.085113525390625,109.91409301757812
2019-04-05,46.901615142822266,111.94357299804688,48.15385055541992,44.5976676940918,86.25692749023438,110.8271713256836,85.59697723388672,59.056941986083984,37.07713317871094,110.15354919433594
2019-04-08,47.63966751098633,111.9809341430664,48.22312927246094,44.8238525390625,86.53541564941406,110.79460906982422,86.68708038330078,59.42207717895508,37.140953063964844,110.11524200439453
2019-04-09,47.49681854248047,111.37400817871094,47.91134262084961,44.57343673706055,85.89653778076172,110.33074188232422,86.4310531616211,58.65603256225586,37.23670196533203,111.9351806640625
2019-04-10,47.76346206665039,112.22369384765625,48.28375244140625,45.090415954589844,86.28150177001953,110.33887481689453,86.42279815673828,58.39113998413086,37.212764739990234,112.22252655029297
2019-04-11,47.365867614746094,112.35441589355469,48.32706832885742,44.912696838378906,87.0104751586914,110.03777313232422,86.50538635253906,58.67035675048828,37.26860046386719,111.68611907958984
2019-04-12,47.34681701660156,112.9333267211914,48.86402130126953,45.47006607055664,91.08948516845703,110.6644058227539,86.7613754272461,57.93293380737305,37.29254913330078,124.57888793945312
2019-04-15,47.43252182006836,113.02670288085938,48.74277877807617,45.688175201416016,90.04925537109375,111.10386657714844,87.31468963623047,57.73964309692383,37.5,126.4754409790039
2019-04-16,47.43728256225586,112.7652587890625,49.11518859863281,46.003211975097656,90.99938201904297,112.3245849609375,87.88448333740234,58.13339614868164,37.460113525390625,124.42561340332031
2019-04-17,48.36104965209961,113.69898223876953,50.71744155883789,45.48624038696289,93.62042999267578,112.73153686523438,88.03087615966797,58.298057556152344,37.72340774536133,126.1976547241211
2019-04-18,48.53483963012695,115.19291687011719,50.65680694580078,45.558937072753906,92.93238830566406,111.91769409179688,88.19719696044922,58.083274841308594,37.882972717285156,126.8681640625
2019-04-22,48.6943473815918,115.55708312988281,50.94260787963867,45.51045608520508,93.04707336425781,112.16999816894531,88.16393280029297,59.350460052490234,37.81914138793945,126.13059997558594
2019-04-23,49.39668655395508,117.12572479248047,50.90796661376953,45.79318618774414,93.16175079345703,113.85459899902344,85.79373168945312,59.694114685058594,38.465431213378906,127.73981475830078
2019-04-24,49.32049560546875,116.72422790527344,50.856014251708984,45.9466667175293,93.0061264038086,113.2849349975586,86.2344970703125,58.534324645996094,38.281917572021484,129.40646362304688
2019-04-25,48.87290573120117,120.58979797363281,49.89466857910156,45.50239181518555,93.05525970458984,113.6511459350586,85.89350128173828,58.8636474609375,38.17021179199219,131.456298828125
2019-04-26,48.63960266113281,121.28079223632812,45.40837478637695,45.13889694213867,93.7596664428711,114.25338745117188,88.03919219970703,57.62509536743164,38.50531768798828,134.0233612060547
2019-04-29,48.7133903503418,121.16873931884766,44.26516342163086,45.34082794189453,95.11116027832031,113.8057632446289,87.14102172851562,57.25279235839844,38.63298034667969,133.42950439453125
2019-04-30,47.77536392211914,121.9437026977539,44.20454406738281,45.1954345703125,95.05380249023438,114.91258239746094,88.55481719970703,57.47475051879883,39.143619537353516,131.1976776123047
2019-05-01,50.12043380737305,119.40399169921875,43.962032318115234,44.896549224853516,94.32483673095703,115.52294921875,87.26575469970703,56.32211685180664,38.768619537353516,130.63255310058594
2019-05-02,49.794281005859375,117.84468841552734,43.78015899658203,44.37956237792969,94.52962493896484,114.97769927978516,87.78968048095703,55.33411407470703,38.609039306640625,128.4869384765625
2019-05-03,50.41328430175781,120.35638427734375,44.81945037841797,44.37956237792969,95.11116027832031,115.57177734375,88.22216796875,55.46297073364258,38.87234115600586,128.66893005371094
2019-05-06,49.63477325439453,119.65608978271484,44.63211441040039,44.09684371948242,94.26748657226562,115.63691711425781,87.88949584960938,55.219547271728516,38.67287063598633,129.31069946289062
2019-05-07,48.2967414855957,117.20040130615234,43.98728561401367,43.175968170166016,92.72764587402344,113.91159057617188,87.074462890625,54.9260368347168,38.297882080078125,127.81645202636719
2019-05-08,48.3062744140625,117.19108581542969,42.90677261352539,43.192134857177734,92.2361831665039,113.76508331298828,87.3821792602539,55.0119514465332,38.178192138671875,129.30113220214844
2019-05-09,47.78727340698242,117.1817398071289,40.62375259399414,42.74784851074219,92.16246032714844,112.90243530273438,86.69190979003906,54.96183776855469,37.81914138793945,127.96011352539062
2019-05-10,47.12525177001953,118.70370483398438,40.257774353027344,43.103275299072266,92.15428924560547,113.1628646850586,88.16393280029297,55.439754486083984,38.44945526123047,128.39114379882812
2019-05-13,44.386356353759766,115.17423248291016,39.00297546386719,41.439247131347656,89.64791870117188,111.65730285644531,88.24710845947266,54.82426452636719,38.33776092529297,125.804931640625
2019-05-14,45.0890007019043,116.46276092529297,39.360252380371094,42.020843505859375,90.36048889160156,111.34803009033203,87.82294464111328,54.89666748046875,38.8484001159668,127.58654022216797
2019-05-15,45.6291389465332,118.10282897949219,39.752376556396484,42.360111236572266,90.0164794921875,111.4212646484375,88.73778533935547,55.30218505859375,39.2393684387207,129.00416564941406
2019-05-16,45.42837905883789,120.82999420166016,39.6739501953125,45.179283142089844,91.17139434814453,112.47925567626953,89.9104232788086,55.29493713378906,39.55851364135742,129.7896270751953
2019-05-17,45.170265197753906,120.0240478515625,39.11627197265625,45.51853561401367,90.72908020019531,112.80475616455078,89.36152648925781,54.96907043457031,39.25532531738281,129.3489990234375
2019-05-20,43.75780487060547,118.2902603149414,37.95733642578125,45.24388122558594,91.20416259765625,112.65013885498047,89.26173400878906,54.96183395385742,38.97607421875,128.26663208007812
2019-05-21,44.59667205810547,118.92755126953125,38.741573333740234,45.6558723449707,91.51541900634766,112.40599822998047,88.46334075927734,55.21528625488281,38.776588439941406,128.43905639648438
2019-05-22,43.683712005615234,119.64915466308594,38.340728759765625,44.98541259765625,90.7700424194336,112.9268569946289,88.75442504882812,54.71563720703125,39.6143684387207,128.2091827392578
2019-05-23,42.938045501708984,118.2527847290039,38.80256652832031,43.77373123168945,88.98445129394531,113.76508331298828,88.78766632080078,53.43390655517578,39.773929595947266,127.13636016845703
2019-05-24,42.773136138916016,118.30899810791016,38.837425231933594,43.91913604736328,89.86087036132812,113.77326202392578,88.7294692993164,53.65839767456055,39.58244323730469,127.1938247680664
2019-05-28,42.596275329589844,118.23404693603516,37.96604537963867,43.56370544433594,88.88615417480469,112.31475830078125,86.87487030029297,52.579429626464844,39.175537109375,127.03099822998047
2019-05-29,42.39312744140625,117.0906753540039,38.54115676879883,42.95787048339844,88.64041900634766,107.61140441894531,86.65035247802734,52.25357437133789,38.784576416015625,126.02526092529297
2019-05-30,42.61300277709961,117.8310317993164,38.97684097290039,43.272918701171875,87.69032287597656,108.25053405761719,87.59841918945312,52.115989685058594,39.29520797729492,126.62870788574219
2019-05-31,41.84104537963867,115.90984344482422,38.37559509277344,42.0289192199707,86.7893295288086,107.46390533447266,85.58580780029297,51.24702453613281,39.1994743347168,126.4754409790039
2019-06-03,41.41801834106445,112.31109619140625,37.87019729614258,41.82697677612305,87.1988754272461,107.70156860351562,86.32596588134766,52.05080032348633,39.87765884399414,126.8873291015625
2019-06-04,42.933265686035156,115.42251586914062,39.029136657714844,42.99826431274414,89.88542175292969,109.5779800415039,87.0578384399414,53.28908920288086,39.89360427856445,129.13829040527344
2019-06-05,43.6263427734375,117.92478942871094,38.81998825073242,44.22610092163086,90.20487213134766,110.110595703125,88.7627182006836,52.84736251831055,40.515960693359375,130.21107482910156
2019-06-06,44.2668571472168,119.78974914550781,39.299259185791016,44.50882339477539,90.40144348144531,111.99519348144531,89.30331420898438,53.810455322265625,41.01063919067383,131.4275665283203
2019-06-07,45.44511413574219,123.14481353759766,40.10963821411133,45.179283142089844,89.4103775024414,113.5274429321289,90.45932006835938,54.005977630615234,41.08245086669922,132.22256469726562
2019-06-10,46.0258674621582,124.26943969726562,40.78060531616211,45.57508850097656,90.37687683105469,113.91261291503906,90.4177474975586,54.24494171142578,40.994686126708984,131.29345703125
2019-06-11,46.558837890625,123.80088806152344,40.82416534423828,46.1324577331543,90.65536499023438,114.53530883789062,90.96661376953125,54.19424057006836,40.954795837402344,129.38734436035156
2019-06-12,46.41065216064453,123.22920989990234,40.362335205078125,45.12273025512695,89.5004653930664,116.0921859741211,91.21612548828125,53.60771560668945,41.20212936401367,130.0003662109375
2019-06-13,46.401092529296875,124.00698852539062,40.693477630615234,45.37314987182617,89.72162628173828,115.29737854003906,92.23906707763672,54.078407287597656,41.113677978515625,135.7666778564453
2019-06-14,46.06411361694336,124.12886810302734,40.249061584472656,44.22610092163086,89.95098876953125,114.78932189941406,92.48023223876953,53.83942413330078,41.25841522216797,135.68045043945312
2019-06-17,46.338951110839844,124.50374603271484,40.196773529052734,44.75114440917969,89.45951080322266,114.2567138671875,92.30558013916016,54.375301361083984,40.90461349487305,135.0290985107422
2019-06-18,47.428775787353516,126.66861724853516,41.27729034423828,45.27621078491211,90.67993927001953,114.90403747558594,91.14958190917969,54.845970153808594,40.71965789794922,133.3720245361328
2019-06-19,47.290157318115234,127.16529083251953,41.015872955322266,45.34082794189453,90.02468872070312,115.08432006835938,91.8315658569336,54.54184341430664,41.105628967285156,134.98123168945312
2019-06-20,47.670162200927734,128.3461456298828,41.12043762207031,46.374794006347656,90.2540283203125,116.5264663696289,92.92932891845703,55.475975036621094,41.53984451293945,136.03488159179688
2019-06-21,47.50764083862305,128.3649139404297,41.355716705322266,46.06782913208008,89.63972473144531,116.42814636230469,92.48023223876953,56.2580451965332,41.45138931274414,134.32029724121094
2019-06-24,47.45984649658203,129.12396240234375,41.50385284423828,46.189002990722656,89.00083923339844,117.2229232788086,93.42000579833984,55.72218704223633,41.7489128112793,133.3528594970703
2019-06-25,46.74047088623047,125.04731750488281,40.82416534423828,45.300437927246094,88.263671875,118.1897964477539,92.91268920898438,55.22975540161133,41.6202507019043,134.04249572753906
2019-06-26,47.75143051147461,125.515869140625,41.9918212890625,45.72048568725586,88.8534164428711,116.23149108886719,91.25770568847656,55.46873092651367,41.105628967285156,134.4831085205078
2019-06-27,47.7370719909668,125.72206115722656,41.355716705322266,45.01771545410156,89.14827728271484,115.2809829711914,91.29927062988281,54.90390396118164,41.0734748840332,133.42950439453125
2019-06-28,47.302101135253906,125.54401397705078,41.71297836303711,44.20993423461914,91.57274627685547,114.12564086914062,91.191162109375,55.490440368652344,40.9448127746582,133.75518798828125
2019-07-01,48.16966247558594,127.15593719482422,41.86983108520508,44.218013763427734,93.11260986328125,114.191162109375,91.88976287841797,55.439754486083984,41.49160385131836,135.68045043945312
2019-07-02,48.45167541503906,127.99939727783203,41.93082046508789,45.08233642578125,93.21089172363281,114.74016571044922,92.71309661865234,54.83149719238281,41.79716491699219,136.5233612060547
2019-07-03,48.853187561035156,128.82408142089844,42.27937698364258,45.91148376464844,93.06240844726562,116.4690933227539,94.87542724609375,55.35286331176758,41.893646240234375,136.9543914794922
2019-07-05,48.81016540527344,128.44924926757812,41.895973205566406,46.00901412963867,93.61505889892578,115.18265533447266,94.1019515991211,55.12838363647461,41.90169906616211,137.29171752929688
2019-07-08,47.80400466918945,128.3555145263672,41.6694221496582,45.67573928833008,93.10365295410156,115.51039123535156,94.85044860839844,55.38182830810547,41.81324005126953,135.91351318359375
2019-07-09,48.0955696105957,127.886962890625,41.608421325683594,45.79768371582031,93.49959564208984,115.87095642089844,93.90237426757812,55.345619201660156,41.48356246948242,136.48214721679688
2019-07-10,48.57117462158203,129.1896209716797,42.009254455566406,46.43985366821289,93.22737121582031,115.70706176757812,94.60098266601562,56.12770080566406,41.66850280761719,138.3422393798828
2019-07-11,48.21746063232422,129.70506286621094,42.34908676147461,46.57804489135742,94.11824798583984,114.80571746826172,95.12488555908203,56.17115020751953,41.84540557861328,138.36154174804688
2019-07-12,48.58790588378906,130.17364501953125,43.49931335449219,47.106414794921875,95.10810852050781,110.04503631591797,95.63221740722656,56.21458435058594,41.90974044799805,139.63375854492188
2019-07-15,49.04438781738281,130.17364501953125,43.673587799072266,47.18769454956055,93.95328521728516,110.3809585571289,96.03971099853516,55.81631088256836,41.91777038574219,139.8072052001953
2019-07-16,48.87470626831055,128.46800231933594,42.84577560424805,46.838157653808594,94.95960998535156,108.57011413574219,96.3807144165039,54.98356246948242,41.92582702636719,139.07473754882812
2019-07-17,48.599857330322266,127.70893096923828,43.03748321533203,46.504878997802734,94.02751922607422,108.04568481445312,96.42230987548828,54.65770721435547,41.95798873901367,137.40737915039062
2019-07-18,49.151939392089844,127.84941864013672,43.51673889160156,46.93571090698242,94.58843231201172,108.21778869628906,96.62821197509766,54.19424057006836,41.837371826171875,136.5014190673828
2019-07-19,48.418212890625,128.0369110107422,43.804298400878906,46.62682342529297,93.65631103515625,106.77561950683594,96.2682876586914,54.302886962890625,41.32272720336914,134.78587341308594
2019-07-22,49.524776458740234,129.73318481445312,44.74538803100586,46.92758560180664,94.25847625732422,105.4072494506836,96.51103973388672,54.360809326171875,41.18605041503906,135.74002075195312
2019-07-23,49.91194152832031,130.53909301757812,45.09394836425781,46.91133117675781,95.98246765136719,105.57112121582031,95.29732513427734,54.578060150146484,43.68680191040039,136.1448211669922
2019-07-24,49.87131881713867,131.8793182373047,46.11344909667969,46.521141052246094,96.37016296386719,106.34135437011719,94.25100708007812,54.570796966552734,43.24454116821289,136.17372131347656
2019-07-25,49.47697448730469,131.38258361816406,45.451202392578125,46.02528762817383,95.44629669189453,107.4393539428711,94.39329528808594,54.25941467285156,42.67362594604492,138.0242156982422
2019-07-26,49.6490478515625,132.46034240722656,44.95451354980469,45.952117919921875,95.86700439453125,107.11978912353516,96.03390502929688,54.17253112792969,43.55814743041992,139.4120330810547
2019-07-29,50.112693786621094,132.16983032226562,45.75618362426758,46.27726364135742,95.56178283691406,108.99620056152344,97.09696197509766,54.556312561035156,43.41340637207031,141.08905029296875
2019-07-30,49.897605895996094,131.53257751464844,45.050376892089844,45.903350830078125,95.3473129272461,108.22596740722656,100.78831481933594,54.563560485839844,43.19629669189453,139.68190002441406
2019-07-31,50.91572952270508,127.70893096923828,44.04827880859375,45.03357696533203,95.6855239868164,106.70188903808594,98.80451965332031,53.84666442871094,42.3198356628418,137.83145141601562
2019-08-01,49.81394577026367,129.3863983154297,43.13333511352539,45.02544403076172,93.1613998413086,106.7592544555664,97.70799255371094,52.470802307128906,41.837371826171875,136.7134552001953
2019-08-02,48.75999450683594,128.29928588867188,42.41880416870117,43.28587341308594,93.15314483642578,107.39838409423828,97.46525573730469,51.956668853759766,42.0786018371582,136.5785369873047
2019-08-05,46.20750427246094,123.9039535522461,40.928733825683594,41.75764846801758,90.38156127929688,106.65270233154297,94.65280151367188,50.89219665527344,41.531803131103516,133.2919921875
2019-08-06,47.08223342895508,126.2281494140625,41.19631576538086,42.757511138916016,91.09098815917969,107.15254211425781,95.65721130371094,51.38460922241211,42.030357360839844,136.7327117919922
2019-08-07,47.56977844238281,126.78107452392578,40.99453353881836,42.54615020751953,89.11125946044922,106.6937026977539,96.69515228271484,51.051513671875,42.7620849609375,129.9765625
2019-08-08,48.618980407714844,130.16429138183594,41.38052749633789,43.21272277832031,90.62078094482422,107.8982162475586,98.30229187011719,52.41287612915039,43.172176361083984,132.8968505859375
2019-08-09,48.218345642089844,129.05844116210938,40.33658981323242,42.619319915771484,90.52178192138672,108.19317626953125,97.7498550415039,51.297706604003906,42.95505905151367,133.50405883789062
2019-08-12,48.09598922729492,127.2590560913086,40.00322723388672,41.89586639404297,88.82256317138672,108.10305786132812,97.12203979492188,51.04844665527344,42.778167724609375,130.83432006835938
2019-08-13,50.13276672363281,129.89254760742188,41.091033935546875,42.85506057739258,90.19184112548828,109.32393646240234,98.14324951171875,51.678951263427734,43.01939010620117,132.0487060546875
2019-08-14,48.64056396484375,125.98088073730469,40.240089416503906,41.13987731933594,86.4469223022461,106.73465728759766,96.92117309570312,49.596832275390625,42.60930252075195,128.03936767578125
2019-08-15,48.39826202392578,125.69876098632812,40.0909538269043,37.59571075439453,86.77684783935547,106.96409606933594,98.26043701171875,49.30358123779297,43.31690216064453,128.57908630371094
2019-08-16,49.54021072387695,128.00254821777344,40.79275894165039,38.172855377197266,88.85556030273438,107.63597869873047,99.75873565673828,50.0733757019043,43.751129150390625,130.30426025390625
2019-08-19,50.46384048461914,130.1463623046875,41.433170318603516,39.4246940612793,89.65568542480469,108.36527252197266,100.64601135253906,50.916481018066406,43.97627258300781,130.39100646972656
2019-08-20,50.46623611450195,129.0650177001953,40.8804817199707,38.961360931396484,88.51736450195312,107.01325988769531,99.52437591552734,50.60857009887695,43.324951171875,130.23678588867188
2019-08-21,51.01321792602539,130.50372314453125,41.36298751831055,39.6441650390625,88.76481628417969,107.7752914428711,99.7754898071289,51.11442565917969,43.501853942871094,130.84397888183594
2019-08-22,50.970035552978516,129.553955078125,41.03839111328125,39.16456985473633,89.68043518066406,107.5622787475586,99.95964050292969,51.00447082519531,43.815460205078125,131.15240478515625
2019-08-23,48.61417770385742,125.42611694335938,39.441776275634766,37.888343811035156,87.4532470703125,104.66159057617188,98.20185852050781,49.47953796386719,43.212379455566406,126.9020767211914
2019-08-26,49.537811279296875,127.3631362915039,39.968135833740234,38.286659240722656,88.1544189453125,105.50364685058594,99.87593841552734,49.74345016479492,43.85566711425781,129.73561096191406
2019-08-27,48.97883987426758,127.63579559326172,40.16990280151367,38.03466033935547,87.22229766845703,107.02263641357422,100.90550231933594,49.259586334228516,44.00040054321289,129.61996459960938
2019-08-28,49.307498931884766,127.46651458740234,40.16990280151367,38.09969711303711,88.09666442871094,106.23011779785156,101.61698913574219,49.61882781982422,44.313995361328125,131.60537719726562
2019-08-29,50.142372131347656,129.87367248535156,41.117347717285156,38.42485046386719,90.09284973144531,105.86688995361328,101.43283081054688,50.16868591308594,44.2657470703125,132.84866333007812
2019-08-30,50.07759094238281,129.6291961669922,41.5910758972168,38.050926208496094,90.62078094482422,105.96591186523438,100.63764190673828,50.205345153808594,44.257720947265625,132.2896728515625
2019-09-03,49.34828567504883,127.91789245605469,41.21385955810547,37.79893493652344,89.5484390258789,106.27964782714844,101.58348083496094,50.26399230957031,44.46678161621094,131.37405395507812
2019-09-04,50.185546875,129.4129638671875,42.91573715209961,38.46548843383789,90.62904357910156,106.37869262695312,103.13202667236328,50.799190521240234,44.84470748901367,132.8968505859375
2019-09-05,51.166751861572266,131.68849182128906,43.95090866088867,39.35966110229492,92.69123077392578,106.14757537841797,102.75535583496094,51.51765823364258,44.32204818725586,133.81243896484375
2019-09-06,51.16196060180664,130.79518127441406,44.67026901245117,39.70107650756836,92.8891830444336,105.84211730957031,102.8474349975586,52.00153350830078,44.410484313964844,134.4967498779297
2019-09-09,51.380279541015625,129.3095245361328,45.258033752441406,39.48973083496094,95.1905746459961,104.80191802978516,102.26151275634766,52.412086486816406,43.83957290649414,133.80279541015625
2019-09-10,51.98723220825195,127.95549774169922,45.45980453491211,40.00183868408203,96.40316009521484,106.9483413696289,100.34468078613281,52.83730697631836,43.74308776855469,130.87289428710938
2019-09-11,53.64015197753906,127.9930648803711,46.31074523925781,40.66840362548828,96.66714477539062,108.28569030761719,101.5081558227539,52.734676361083984,44.04059982299805,131.25839233398438
2019-09-12,53.52021789550781,129.3095245361328,46.503746032714844,40.58711242675781,97.26103210449219,107.67478942871094,102.76371765136719,52.77132034301758,44.313995361328125,132.52096557617188
2019-09-13,52.47903823852539,129.12149047851562,46.0914421081543,40.66840362548828,99.17474365234375,107.96372985839844,102.21967315673828,53.255191802978516,43.94951248168945,133.0221405029297
2019-09-16,52.75491714477539,128.19053649902344,45.79317092895508,40.61149978637695,98.29212951660156,106.94005584716797,100.2358627319336,54.054317474365234,43.70651626586914,130.88253784179688
2019-09-17,52.94684982299805,129.18728637695312,45.573856353759766,40.16440963745117,97.80545806884766,107.04740142822266,101.41609954833984,53.64375686645508,43.933311462402344,131.37405395507812
2019-09-18,53.44346237182617,130.2498321533203,45.38963317871094,40.10751724243164,98.78706359863281,107.65829467773438,101.62535095214844,53.38716125488281,43.92521286010742,131.84629821777344
2019-09-19,53.00922775268555,132.6475830078125,45.2404899597168,39.98558044433594,98.47359466552734,107.41062927246094,102.0354995727539,53.027915954589844,44.160099029541016,128.47305297851562
2019-09-20,52.23433303833008,131.11488342285156,44.49481964111328,40.31886291503906,98.07765197753906,108.68194580078125,102.32010650634766,52.84463119506836,43.66602325439453,127.48035430908203
2019-09-23,52.47182846069336,130.83279418945312,44.65272521972656,40.17253494262695,98.06114959716797,108.75626373291016,103.14041137695312,52.88129425048828,43.85231018066406,127.6634750366211
2019-09-24,52.22234344482422,129.17788696289062,43.70528030395508,39.92869186401367,96.78260803222656,108.59939575195312,103.46685028076172,52.155487060546875,43.98190689086914,127.19120788574219
2019-09-25,53.0260124206543,131.0396728515625,44.75799560546875,40.326995849609375,97.33527374267578,108.13713073730469,102.9729995727539,52.30944061279297,43.876609802246094,128.27066040039062
2019-09-26,52.75251770019531,131.20889282226562,44.67026901245117,39.69294738769531,96.53514099121094,106.37042999267578,104.05278015136719,52.03084182739258,44.054805755615234,126.51657104492188
2019-09-27,52.49582290649414,129.50698852539062,44.54744338989258,39.70107650756836,97.10430145263672,106.16407775878906,104.2704086303711,52.40476608276367,43.9900016784668,125.2540054321289
2019-09-30,53.73133087158203,130.72935485839844,45.20540237426758,40.16440963745117,97.07954406738281,106.80799102783203,104.11137390136719,51.76692199707031,44.095298767089844,125.60096740722656
2019-10-01,53.880069732666016,128.88638305664062,44.52989959716797,38.80690383911133,95.3143310546875,107.31156158447266,103.66773223876953,50.54990768432617,44.26540756225586,124.85884857177734
2019-10-02,52.5294189453125,126.61083984375,43.32806396484375,37.84770965576172,93.41708374023438,108.97090148925781,101.34911346435547,49.23025894165039,42.993736267089844,124.46369934082031
2019-10-03,52.97563552856445,128.14353942871094,43.88951110839844,38.543888092041016,93.28407287597656,108.30221557617188,101.9015884399414,49.83876419067383,43.609310150146484,123.50953674316406
2019-10-04,54.46064758300781,129.87367248535156,44.67026901245117,38.9206428527832,95.30458068847656,110.34127044677734,103.79328918457031,50.56456756591797,44.176307678222656,125.55278778076172
2019-10-07,54.4726448059082,128.93338012695312,44.40708541870117,39.12540817260742,95.0967025756836,109.92852783203125,102.82231140136719,49.86808776855469,43.633609771728516,126.1599349975586
2019-10-08,53.83448791503906,127.56996154785156,43.62632751464844,37.9951286315918,92.97642517089844,108.83879852294922,101.22357940673828,48.900352478027344,43.39871597290039,123.8179702758789
2019-10-09,54.46542739868164,129.9865264892578,44.284271240234375,38.36370086669922,93.6499252319336,106.67588806152344,102.10245513916016,49.44287109375,43.60122299194336,124.64681243896484
2019-10-10,55.19955062866211,130.79518127441406,44.836952209472656,37.79856491088867,94.96367645263672,106.54381561279297,102.06898498535156,50.03672409057617,43.46352767944336,124.65645599365234
2019-10-11,56.66776657104492,131.34054565429688,45.6966667175293,38.13436508178711,96.56842041015625,108.41777038574219,101.35749053955078,50.571922302246094,43.17193603515625,125.31184387207031
2019-10-14,56.58618927001953,131.21835327148438,45.30189895629883,37.7166633605957,96.82618713378906,107.91422271728516,100.48696899414062,50.718536376953125,43.17193603515625,125.0033950805664
2019-10-15,56.45425033569336,133.11767578125,46.18793869018555,37.970558166503906,99.74468994140625,109.66433715820312,98.10137939453125,50.89449691772461,43.34202194213867,125.06123352050781
2019-10-16,56.22633743286133,132.0270233154297,46.01247787475586,38.32273864746094,99.51189422607422,111.58782958984375,98.37763977050781,50.02205276489258,43.32582092285156,126.12142181396484
2019-10-17,56.44464874267578,131.34994506835938,45.49489974975586,38.519317626953125,100.0689697265625,112.41339874267578,98.2479019165039,49.95606994628906,43.568817138671875,127.57671356201172
2019-10-18,56.71573257446289,129.20608520507812,45.05626678466797,38.25721740722656,100.24359130859375,105.42108917236328,98.95550537109375,49.567501068115234,44.370697021484375,126.15032958984375
2019-10-21,57.69934844970703,130.16519165039062,45.731754302978516,38.81417465209961,102.72972106933594,105.68526458740234,100.311767578125,50.39594268798828,43.92521286010742,125.54312133789062
2019-10-22,57.56740951538086,128.22816467285156,45.626487731933594,38.945213317871094,103.7607421875,106.65937042236328,102.92314910888672,50.652549743652344,43.61741638183594,127.60563659667969
2019-10-23,58.33988571166992,129.0462646484375,45.37208938598633,38.53569793701172,104.03514862060547,107.23725128173828,103.61390686035156,51.13642883300781,44.257301330566406,126.38162994384766
2019-10-24,58.435855865478516,131.58506774902344,45.819480895996094,38.011512756347656,103.9603271484375,105.2559585571289,105.12178039550781,50.652549743652344,44.23300552368164,125.54312133789062
2019-10-25,59.15556716918945,132.327880859375,49.53030014038086,38.412845611572266,104.79179382324219,105.95767211914062,103.82451629638672,50.769859313964844,43.53641128540039,126.1599349975586
2019-10-28,59.74812316894531,135.58126831054688,49.793495178222656,38.63397216796875,105.19090270996094,106.64288330078125,104.01826477050781,50.32263946533203,43.390628814697266,125.80337524414062
2019-10-29,58.36628341674805,134.30245971679688,49.42503356933594,38.691322326660156,105.12439727783203,106.59334564208984,104.11935424804688,50.1760139465332,43.261016845703125,124.7913818359375
2019-10-30,58.35907745361328,135.9762420654297,49.65312576293945,38.95341110229492,104.54237365722656,109.66433715820312,105.24815368652344,49.64814758300781,43.69031524658203,124.90705108642578
2019-10-31,59.678550720214844,134.81024169921875,49.591712951660156,38.91245651245117,103.86884307861328,109.00389099121094,104.88592529296875,49.5381965637207,44.087196350097656,125.2154541015625
2019-11-01,61.37228012084961,135.1393585205078,49.57417297363281,38.519317626953125,106.2635498046875,108.31048583984375,104.34679412841797,51.026458740234375,43.65791702270508,127.9429702758789
2019-11-04,61.77531051635742,135.91976928710938,50.539161682128906,38.887874603271484,107.11164093017578,107.50968170166016,100.30333709716797,52.54405212402344,43.042327880859375,128.1068115234375
2019-11-05,61.686553955078125,135.83517456054688,50.48652648925781,39.11722183227539,107.3444595336914,107.66654205322266,100.16011810302734,53.58510208129883,42.459144592285156,126.69002532958984
2019-11-06,61.71294021606445,135.45907592773438,50.80848693847656,39.534908294677734,107.51074981689453,108.11236572265625,101.35630798339844,52.412086486816406,42.766937255859375,126.51657104492188
2019-11-07,62.425193786621094,135.6471405029297,51.205421447753906,39.65778732299805,108.09281921386719,108.50033569335938,100.76663208007812,53.526458740234375,42.353843688964844,128.14537048339844
2019-11-08,62.596046447753906,137.24562072753906,51.39949417114258,39.99358367919922,108.40874481201172,109.79641723632812,100.83402252197266,52.50993347167969,42.28904724121094,132.96432495117188
2019-11-11,63.091732025146484,137.3866424560547,51.47005081176758,39.39568328857422,108.02625274658203,108.95436096191406,100.52234649658203,52.19088363647461,41.989349365234375,131.7884979248047
2019-11-12,63.033958435058594,138.289306640625,51.337738037109375,39.616825103759766,107.39435577392578,108.43431091308594,100.47180938720703,51.471187591552734,41.884056091308594,133.56187438964844
2019-11-13,63.63795852661133,138.5150146484375,51.06429672241211,39.6905403137207,106.82893371582031,108.3682861328125,101.63429260253906,51.048240661621094,42.4510383605957,143.3346710205078
2019-11-14,63.19759750366211,139.22021484375,50.99372100830078,36.782962799072266,106.9287109375,108.11236572265625,101.5079574584961,50.825645446777344,42.62924575805664,141.82151794433594
2019-11-15,63.9483528137207,141.01622009277344,51.12604522705078,36.930389404296875,107.7020034790039,111.39795684814453,101.54165649414062,51.337615966796875,42.66163635253906,139.4313507080078
2019-11-18,64.27079010009766,141.36407470703125,51.38185119628906,36.97953414916992,108.6082992553711,111.30715942382812,102.6788558959961,50.840492248535156,42.95323181152344,142.30343627929688
2019-11-19,64.07588195800781,141.4111328125,51.47005081176758,37.241615295410156,108.57502746582031,111.29890441894531,102.2829360961914,50.32109451293945,42.993736267089844,143.0070037841797
2019-11-20,63.32994842529297,141.1658172607422,51.073123931884766,36.92219543457031,107.78511810302734,112.22351837158203,103.01581573486328,50.476924896240234,43.10713577270508,141.6094970703125
2019-11-21,63.0460090637207,141.03370666503906,51.35539245605469,36.725624084472656,108.0345687866211,112.63626861572266,101.37316131591797,51.69375991821289,42.89653015136719,141.58058166503906
2019-11-22,62.990657806396484,141.13754272460938,50.81731414794922,36.73381805419922,108.74964141845703,113.98188781738281,101.33104705810547,51.471187591552734,42.95323181152344,142.92025756835938
2019-11-25,64.09513854980469,142.68482971191406,51.87582015991211,37.225242614746094,109.33169555664062,114.03176879882812,101.516357421875,51.129859924316406,43.10713577270508,144.26956176757812
2019-11-26,63.59463119506836,143.43963623046875,51.95521545410156,37.110572814941406,109.48136901855469,114.02346801757812,102.99054718017578,51.003719329833984,43.65791702270508,146.14894104003906
2019-11-27,64.4488296508789,143.71327209472656,51.6111946105957,37.05324935913086,109.80562591552734,114.50557708740234,102.56935119628906,50.974037170410156,43.69841766357422,145.99472045898438
2019-11-29,64.30689239501953,142.82638549804688,51.205421447753906,37.110572814941406,109.55618286132812,114.28946685791016,102.82205963134766,50.55111312866211,43.576011657714844,146.0911407470703
2019-12-02,63.56336212158203,141.09974670410156,50.861412048339844,36.610958099365234,109.31507110595703,114.18141174316406,103.37803649902344,50.76628112792969,43.86162185668945,145.16587829589844
2019-12-03,62.429996490478516,140.87330627441406,49.458885192871094,36.2669563293457,107.90986633300781,114.01514434814453,103.57181549072266,50.3656120300293,43.90242385864258,143.19976806640625
2019-12-04,62.981040954589844,141.38284301757812,49.41478729248047,35.94754409790039,110.03844451904297,115.86052703857422,104.90276336669922,50.936946868896484,44.30227279663086,142.91062927246094
2019-12-05,63.905029296875,141.45828247070312,49.46771240234375,35.64450454711914,110.63713073730469,116.01016235351562,104.97859954833984,50.758872985839844,44.220680236816406,142.1010284423828
2019-12-06,65.13941955566406,143.17544555664062,50.11164093017578,35.90658950805664,112.283447265625,116.6917953491211,104.61637878417969,51.57504653930664,44.408363342285156,142.31307983398438
2019-12-09,64.22747802734375,142.80752563476562,49.864654541015625,35.95572280883789,111.7596435546875,116.79154968261719,105.1891860961914,51.68635559082031,44.12274932861328,140.9155731201172
2019-12-10,64.60284423828125,142.59051513671875,49.917572021484375,36.11954116821289,111.83445739746094,116.36762237548828,104.68376159667969,51.24114990234375,43.8779411315918,140.80953979492188
2019-12-11,65.15388488769531,143.12826538085938,50.340980529785156,36.2669563293457,111.5683822631836,117.19053649902344,105.01229095458984,51.166954040527344,44.02483367919922,142.24559020996094
2019-12-12,65.31990814208984,144.581298828125,50.764381408691406,37.405426025390625,114.76129150390625,117.48979949951172,104.93647003173828,52.19088363647461,44.17987823486328,142.40945434570312
2019-12-13,66.2077865600586,145.79833984375,50.9760856628418,37.10239028930664,113.75520324707031,117.5230484008789,105.69463348388672,51.36729431152344,44.408363342285156,141.92465209960938
2019-12-16,67.34114074707031,146.7418670654297,50.89669418334961,37.659332275390625,114.19587707519531,117.8638916015625,105.77044677734375,51.93862533569336,44.408363342285156,143.9413604736328
2019-12-17,67.4734878540039,145.9493408203125,50.54386520385742,38.03608322143555,114.89430236816406,119.335205078125,105.5598373413086,51.70119094848633,44.408363342285156,143.23355102539062
2019-12-18,67.31226348876953,145.6474151611328,50.42919158935547,38.199886322021484,114.77790069580078,119.02765655517578,104.4647216796875,51.842166900634766,43.9921875,141.8083038330078
2019-12-19,67.37965393066406,146.91171264648438,51.12604522705078,39.21550369262695,114.20417022705078,120.82317352294922,105.2313003540039,51.48601150512695,44.326759338378906,141.70164489746094
2019-12-20,67.2400894165039,148.51565551757812,51.99931335449219,38.86331558227539,114.11272430419922,121.41334533691406,105.60195922851562,51.89410400390625,44.85718536376953,142.40945434570312
2019-12-23,68.33732604980469,148.51565551757812,52.24629592895508,39.39568328857422,114.07945251464844,121.72921752929688,105.2144546508789,52.153785705566406,44.80821228027344,140.27638244628906
2019-12-24,68.40229797363281,148.48733520507812,52.40507888793945,39.13360595703125,114.39543151855469,121.30525970458984,105.48402404785156,51.953453063964844,44.64501190185547,140.86782836914062
2019-12-26,69.7594223022461,149.70443725585938,52.76673889160156,39.1909294128418,115.6093978881836,121.2221450805664,105.48402404785156,52.03506851196289,44.89798355102539,141.26535034179688
2019-12-27,69.73297882080078,149.97808837890625,52.99608612060547,39.12540817260742,115.69252014160156,121.15565490722656,106.21690368652344,51.85700988769531,45.16726303100586,141.3138427734375
2019-12-30,70.14681243896484,148.6854705810547,52.59031677246094,38.97797775268555,115.26850891113281,120.78156280517578,104.85223388671875,51.552791595458984,45.101985931396484,139.3940887451172
2019-12-31,70.65934753417969,148.78927612304688,52.7932014465332,39.2810173034668,115.90872955322266,121.25541687011719,105.2144546508789,51.775386810302734,45.16726303100586,140.22792053222656
2020-01-02,72.27155303955078,151.54428100585938,53.666473388671875,39.949317932128906,117.31393432617188,121.33850860595703,103.95929718017578,52.60640335083008,44.87350082397461,143.68923950195312
2020-01-03,71.56892395019531,149.65725708007812,53.01371765136719,39.29751968383789,115.76580810546875,119.93368530273438,103.2601089477539,52.1834716796875,44.628692626953125,142.04100036621094
2020-01-06,72.13920593261719,150.04409790039062,52.863765716552734,39.43778991699219,115.67375946044922,119.7840805053711,103.40333557128906,52.584136962890625,44.61237335205078,141.21690368652344
2020-01-07,71.79991149902344,148.67605590820312,51.981666564941406,39.182010650634766,113.70723724365234,120.51554107666016,102.76310729980469,52.153785705566406,44.269630432128906,141.26535034179688
2020-01-08,72.95491790771484,151.04421997070312,52.01695251464844,39.20676803588867,114.59424591064453,120.49897003173828,103.20113372802734,51.36729431152344,44.35124206542969,140.9744873046875
2020-01-09,74.5045394897461,152.9311981201172,52.30804443359375,39.04175567626953,115.01268768310547,120.85637664794922,104.32994079589844,51.76054763793945,45.15911102294922,140.42185974121094
2020-01-10,74.67298126220703,152.22360229492188,51.99049377441406,38.884986877441406,113.86624145507812,120.58204650878906,104.4310531616211,51.30052185058594,45.31415557861328,140.2182159423828
2020-01-13,76.26830291748047,154.05393981933594,52.56385803222656,39.578041076660156,114.81182098388672,121.11408996582031,105.19761657714844,51.79021072387695,45.80378341674805,139.500732421875
2020-01-14,75.23846435546875,152.96893310546875,52.422725677490234,39.429534912109375,116.15074920654297,121.79573822021484,105.03755187988281,51.345035552978516,45.69769287109375,140.78057861328125
2020-01-15,74.91600799560547,153.95960998535156,51.99049377441406,39.611045837402344,114.41016387939453,122.2030258178711,106.1073989868164,51.26341247558594,46.26890563964844,139.92735290527344
2020-01-16,75.85443878173828,156.78062438964844,52.6255989074707,40.46910095214844,114.8536605834961,123.19222259521484,106.20004272460938,51.06308364868164,46.36684036254883,140.7030029296875
2020-01-17,76.69422149658203,157.65817260742188,52.57268142700195,40.44435119628906,115.6486587524414,123.99857330322266,106.48648071289062,50.87016296386719,46.46474838256836,139.93704223632812
2020-01-21,76.17446899414062,157.09202575683594,53.410667419433594,40.26283645629883,114.51057434082031,124.08170318603516,106.21690368652344,50.14301681518555,46.652442932128906,139.19049072265625
2020-01-22,76.4463882446289,156.33724975585938,55.333621978759766,40.48560333251953,114.37666320800781,123.23382568359375,106.40222930908203,49.85365676879883,47.01148986816406,139.62680053710938
2020-01-23,76.81452178955078,157.29959106445312,55.85405349731445,40.4278564453125,114.25955963134766,123.46656036376953,105.91582489013672,49.542015075683594,47.19102096557617,137.8718719482422
2020-01-24,76.59317779541016,155.71453857421875,60.39683151245117,40.30409622192383,111.42267608642578,123.29202270507812,106.04291534423828,49.2081298828125,47.06862258911133,135.81642150878906
2020-01-27,74.34091186523438,153.11045837402344,57.944618225097656,39.165523529052734,110.48548126220703,123.6494369506836,106.50899505615234,48.035804748535156,46.90542221069336,131.76364135742188
2020-01-28,76.44398498535156,156.11077880859375,59.373600006103516,39.413028717041016,112.49385070800781,124.27284240722656,106.79713439941406,47.96902847290039,46.52186965942383,134.158447265625
2020-01-29,78.04412078857422,158.5449981689453,58.509159088134766,38.818992614746094,112.32649230957031,125.13736724853516,105.97515106201172,47.56834411621094,46.52186965942383,131.9187774658203
2020-01-30,77.93102264404297,163.0171661376953,58.63264846801758,38.97575759887695,113.71560668945312,124.98773193359375,106.72931671142578,48.07290267944336,48.031532287597656,133.61550903320312
2020-01-31,74.47566986083984,160.6112518310547,56.39213943481445,37.92792510986328,110.76160430908203,123.74913787841797,105.60227966308594,46.091800689697266,47.656166076660156,134.1002655029297
2020-02-03,74.2711181640625,164.52679443359375,56.8243522644043,38.38996124267578,111.60680389404297,124.82980346679688,106.01752471923828,45.06045913696289,47.80304718017578,137.0186767578125
2020-02-04,76.72310638427734,169.9424285888672,57.74173355102539,39.28926467895508,113.21349334716797,126.01848602294922,106.48356628417969,44.496559143066406,48.01521682739258,140.3248748779297
2020-02-05,77.34870910644531,169.73486328125,59.400081634521484,39.97406768798828,115.13819122314453,128.00523376464844,107.45806884765625,46.54441452026367,48.02336883544922,137.067138671875
2020-02-06,78.25346374511719,173.25413513183594,59.47097396850586,40.17207717895508,115.1549301147461,127.62283325195312,107.73772430419922,45.91374588012695,48.13762283325195,138.35667419433594
2020-02-07,77.18976593017578,173.49937438964844,58.52248764038086,39.578041076660156,114.78672790527344,126.25960540771484,106.8395004272461,45.609527587890625,48.30082321166992,136.72779846191406
2020-02-10,77.5564193725586,178.03761291503906,58.8504753112793,40.32059860229492,115.26372528076172,126.2345962524414,106.91573333740234,45.127845764160156,48.75779342651367,138.25001525878906
2020-02-11,77.08849334716797,174.01832580566406,59.7546501159668,40.53511047363281,115.48129272460938,126.34272003173828,105.21246337890625,45.55683135986328,48.62723922729492,136.71810913085938
2020-02-12,78.9191665649414,174.27305603027344,59.7989616394043,41.19515609741211,115.48129272460938,125.59455108642578,104.61083221435547,46.11379623413086,48.48035430908203,137.5325469970703
2020-02-13,78.35717010498047,173.32962036132812,59.78123092651367,39.04175567626953,115.380859375,124.76329803466797,105.8904037475586,45.85789489746094,48.6435546875,136.6114501953125
2020-02-14,78.3764877319336,174.87689208984375,59.63053512573242,38.75299072265625,115.02942657470703,124.79654693603516,106.89034271240234,45.64715576171875,48.92100143432617,135.2928466796875
2020-02-18,76.94136810302734,176.65065002441406,58.62887954711914,38.439456939697266,113.5063705444336,123.97364807128906,105.81412506103516,45.067630767822266,48.57827377319336,134.90501403808594
2020-02-19,78.0556869506836,177.18052673339844,59.488712310791016,38.19194030761719,115.05451202392578,123.80738067626953,106.29715728759766,45.41384506225586,48.77412796020508,136.99928283691406
2020-02-20,77.2549057006836,174.47471618652344,58.0172233581543,38.653968811035156,115.05451202392578,123.33354949951172,107.26319885253906,45.05257797241211,48.73333740234375,136.09756469726562
2020-02-21,75.50625610351562,168.95913696289062,57.03327560424805,38.2001953125,113.64865112304688,124.63027954101562,107.3648681640625,44.5031623840332,49.067893981933594,134.7401885986328
2020-02-24,71.91968536376953,161.67437744140625,54.74627685546875,36.30256271362305,110.5942611694336,122.06206512451172,104.48372650146484,42.41836166381836,47.860164642333984,128.96160888671875
2020-02-25,69.48360443115234,159.00645446777344,52.946807861328125,35.262996673583984,105.6570053100586,121.0080337524414,102.89908599853516,40.79267501831055,47.182857513427734,124.28829956054688
2020-02-26,70.58585357666016,160.9932098388672,52.87590408325195,34.784461975097656,105.97502136230469,120.1965560913086,101.82292175292969,39.89704132080078,47.003334045410156,119.60531616210938
2020-02-27,65.97178649902344,149.64976501464844,49.489715576171875,33.03532409667969,101.56494903564453,116.38182067871094,96.17926788330078,37.49614334106445,44.82453155517578,114.44723510742188
2020-02-28,65.93321228027344,153.27322387695312,49.21491622924805,32.94457244873047,97.16327667236328,112.50020599365234,95.95045471191406,38.71541213989258,43.64945602416992,114.06910705566406
2020-03-02,72.07161712646484,163.471923828125,51.572837829589844,33.96764373779297,101.69047546386719,117.13475036621094,101.31448364257812,40.55183792114258,45.63240432739258,116.32819366455078
2020-03-03,69.7826919555664,155.638427734375,49.61381530761719,33.03532409667969,97.87458038330078,113.42877960205078,100.13658142089844,38.610042572021484,45.74666213989258,112.90563201904297
2020-03-04,73.01951599121094,161.35269165039062,52.016056060791016,34.1491584777832,100.2929916381836,120.02926635742188,105.5005874633789,39.45299530029297,48.08049392700195,115.55254364013672
2020-03-05,70.65097045898438,157.30352783203125,50.49138259887695,32.647552490234375,95.37248229980469,118.79949188232422,103.06856536865234,37.71440887451172,46.30155563354492,110.51081848144531
2020-03-06,69.7127456665039,152.8569793701172,49.436527252197266,32.73830795288086,90.44361114501953,118.81624603271484,103.09400939941406,35.893035888671875,45.09382247924805,111.76154327392578
2020-03-09,64.19901275634766,142.4974822998047,45.075260162353516,31.319217681884766,78.19255828857422,114.1398696899414,98.34858703613281,31.505186080932617,42.319332122802734,101.17391967773438
2020-03-10,68.82272338867188,152.2419891357422,47.84981155395508,33.068336486816406,84.26785278320312,118.48997497558594,102.15339660644531,32.67176818847656,43.788185119628906,108.0675048828125
2020-03-11,66.43245697021484,145.3451385498047,45.79327392578125,30.56840705871582,80.30134582519531,110.25823974609375,94.56071472167969,31.59552001953125,42.60492706298828,102.2986068725586
2020-03-12,59.8719596862793,131.56085205078125,40.368289947509766,27.391929626464844,73.68209075927734,104.91265106201172,86.29864501953125,27.982872009277344,38.48398208618164,89.01559448242188
2020-03-13,67.04510498046875,150.2646942138672,48.24870300292969,31.05518913269043,86.9540786743164,112.34125518798828,96.66226959228516,28.690340042114258,39.899864196777344,99.39960479736328
2020-03-16,58.419960021972656,128.11717224121094,39.54389953613281,27.812715530395508,73.94149780273438,106.35150909423828,91.94227600097656,25.958295822143555,37.25743103027344,92.11820983886719
2020-03-17,60.98869323730469,138.66590881347656,44.39270782470703,29.289566040039062,78.46034240722656,114.2653579711914,100.19590759277344,27.704410552978516,38.83795928955078,90.68324279785156
2020-03-18,59.49570083618164,132.8285675048828,42.20321273803711,30.62616539001465,70.2009048461914,112.90177154541016,99.52648162841797,24.927183151245117,36.91992950439453,86.09720611572266
2020-03-19,59.039825439453125,135.01402282714844,40.72285461425781,31.112951278686523,71.38082885742188,106.28460693359375,93.91671752929688,25.91313934326172,34.43390655517578,92.04063415527344
2020-03-20,55.29165267944336,129.943115234375,40.62535858154297,29.372074127197266,69.87454986572266,100.29485321044922,86.7986068725586,24.64118766784668,31.52805519104004,83.36304473876953
2020-03-23,54.11702346801758,128.64694213867188,43.949485778808594,28.547016143798828,66.13397216796875,92.9749755859375,82.7904281616211,23.6702880859375,30.918895721435547,83.14973449707031
2020-03-24,59.54634475708008,140.34042358398438,46.44923782348633,31.847244262695312,74.00008392333984,99.70088195800781,87.51042175292969,26.673294067382812,32.4747200012207,95.13353729248047
2020-03-25,59.218318939208984,138.99697875976562,45.438697814941406,31.07993507385254,76.7615966796875,99.88494110107422,85.51903533935547,28.065662384033203,34.25279998779297,97.66410064697266
2020-03-26,62.334564208984375,147.69139099121094,49.23263931274414,33.480857849121094,82.10887145996094,105.88306427001953,90.99320983886719,29.217199325561523,36.45894241333008,102.15316772460938
2020-03-27,59.7537727355957,141.62709045410156,46.422645568847656,32.028751373291016,76.25949096679688,103.03040313720703,93.35745239257812,27.809770584106445,35.240631103515625,93.46589660644531
2020-03-30,61.459022521972656,151.5892333984375,49.188323974609375,33.26634979248047,78.24276733398438,111.27049255371094,97.45035552978516,28.22371482849121,37.043399810791016,96.76240539550781
2020-03-31,61.33359146118164,149.20513916015625,47.973915100097656,32.43302917480469,75.3389892578125,109.69774627685547,93.21339416503906,28.57745933532715,36.426025390625,93.6597900390625
2020-04-01,58.10639953613281,143.9071502685547,45.98828125,31.624486923217773,70.59420776367188,107.75692749023438,92.64562225341797,28.246294021606445,34.67262649536133,92.03092956542969
2020-04-02,59.076011657714844,146.88726806640625,48.17778396606445,33.148651123046875,73.23020935058594,111.38761138916016,96.9419174194336,30.406354904174805,36.179054260253906,94.01853942871094
2020-04-03,58.22700881958008,145.5343475341797,47.9827766418457,32.53232192993164,71.06568145751953,112.24089813232422,97.51815032958984,29.510717391967773,36.08028030395508,91.0225830078125
2020-04-06,63.30657958984375,156.35745239257812,51.794437408447266,34.50624465942383,75.63993072509766,116.91725158691406,99.83152770996094,30.459035873413086,38.418128967285156,96.54910278320312
2020-04-07,62.573341369628906,154.6734619140625,51.76785659790039,33.8482666015625,76.63764953613281,115.00988006591797,95.5606460571289,31.038557052612305,38.28641891479492,98.1585693359375
2020-04-08,64.17488098144531,156.22500610351562,52.281982421875,34.76444625854492,79.73224639892578,119.84520721435547,97.53508758544922,33.00292205810547,39.36479949951172,97.99376678466797
2020-04-09,64.63798522949219,156.23443603515625,50.65093231201172,34.314693450927734,86.88528442382812,118.14698028564453,97.1622314453125,32.461036682128906,40.336143493652344,101.31935119628906
2020-04-13,65.90666961669922,156.58448791503906,52.03378677368164,34.33134078979492,83.02127838134766,116.92559814453125,98.25537109375,32.182552337646484,38.63215255737305,100.34978485107422
2020-04-14,69.23514556884766,164.3328094482422,53.771202087402344,35.63062286376953,80.74685668945312,122.16244506835938,102.50082397460938,31.9341983795166,40.270301818847656,102.80278778076172
2020-04-15,68.60324096679688,162.61097717285156,52.184471130371094,34.581207275390625,76.76447296142578,123.52607727050781,102.72115325927734,30.466556549072266,39.191925048828125,100.22374725341797
2020-04-16,69.14833068847656,167.49269104003906,53.886436462402344,34.56454849243164,73.8389892578125,125.20751190185547,102.95841217041016,29.46555519104004,38.772090911865234,98.91483306884766
2020-04-17,68.21006774902344,168.96859741210938,53.50526809692383,35.380775451660156,80.47628784179688,127.17341613769531,105.66161346435547,32.528778076171875,39.56235885620117,103.384521484375
2020-04-20,66.79428100585938,165.61944580078125,52.45927047729492,35.430747985839844,77.54235076904297,126.880615234375,102.19577026367188,30.993396759033203,38.30288314819336,99.14752960205078
2020-04-21,64.72962951660156,158.76992797851562,49.95952224731445,33.773311614990234,75.29328155517578,125.21588134765625,101.41615295410156,30.82781982421875,37.3562126159668,97.4798812866211
2020-04-22,66.59407806396484,164.16250610351562,53.2747917175293,34.781097412109375,75.53845977783203,127.98485565185547,101.17889404296875,31.708398818969727,37.603179931640625,97.91619110107422
2020-04-23,66.33598327636719,162.17572021484375,52.33517074584961,34.664493560791016,75.58072662353516,130.09298706054688,101.85365295410156,32.70187759399414,37.10102081298828,97.9258804321289
2020-04-24,68.25108337402344,165.1370086669922,52.530181884765625,35.41407775878906,76.69683074951172,129.54925537109375,101.32474517822266,32.91261291503906,37.39737319946289,98.110107421875
2020-04-27,68.29934692382812,164.6639404296875,52.71634292602539,35.86384582519531,80.0028076171875,129.0723876953125,100.19020080566406,33.0706787109375,38.50868225097656,102.83187103271484
2020-04-28,67.19224548339844,160.652587890625,52.07810974121094,35.38910675048828,80.56929779052734,126.64635467529297,99.71250915527344,33.845882415771484,38.47574996948242,102.97730255126953
2020-04-29,69.39918518066406,167.86163330078125,54.78173065185547,36.09705352783203,82.74225616455078,125.68437194824219,99.87458801269531,35.71993637084961,38.78855514526367,108.8334732055664
2020-04-30,70.86324310302734,169.54571533203125,53.168426513671875,35.297481536865234,80.96669006347656,125.51700592041016,100.54851531982422,34.974830627441406,37.776039123535156,104.8582534790039
2020-05-01,69.72237396240234,165.15589904785156,50.94346618652344,34.08147430419922,78.84442138671875,124.05303192138672,99.65280151367188,32.46856689453125,37.53731155395508,102.2889175415039
2020-05-04,70.7088851928711,169.1956329345703,51.40441131591797,34.43962097167969,77.90589904785156,124.03634643554688,98.7571029663086,33.77812957763672,37.15864181518555,100.0395278930664
2020-05-05,71.77012634277344,171.01205444335938,52.07810974121094,34.53123474121094,77.78752899169922,125.06529235839844,98.9618148803711,33.740516662597656,37.372676849365234,97.98404693603516
2020-05-06,72.51061248779297,172.6960906982422,52.75559616088867,34.27303695678711,76.32476806640625,123.87739562988281,96.47947692871094,33.108306884765625,36.83760452270508,97.80953979492188
2020-05-07,73.26071166992188,173.69895935058594,52.74668884277344,34.45628356933594,77.11958312988281,123.46746063232422,95.68611145019531,33.29645919799805,36.71413040161133,102.3567886352539
2020-05-08,75.00444793701172,174.72071838378906,53.19240951538086,35.80554962158203,78.37939453125,124.39607238769531,98.91064453125,34.756561279296875,37.95713424682617,105.8375244140625
2020-05-11,76.1846694946289,176.6696014404297,53.60246658325195,36.08039474487305,76.0711441040039,124.73904418945312,98.36468505859375,34.4254035949707,37.48793029785156,104.48981475830078
2020-05-12,75.31401062011719,172.66770935058594,52.051361083984375,35.997108459472656,73.58531951904297,123.09105682373047,97.7164077758789,33.84999084472656,36.89522933959961,101.37752532958984
2020-05-13,74.40464782714844,170.05654907226562,51.471927642822266,34.93933868408203,71.04876708984375,123.0826644897461,97.178955078125,32.16976547241211,36.17082595825195,99.78743743896484
2020-05-14,74.86177062988281,170.7945098876953,52.66646194458008,36.521812438964844,73.99960327148438,123.50928497314453,97.08512878417969,32.453636169433594,35.97325897216797,102.68644714355469
2020-05-15,74.41917419433594,173.28268432617188,51.95329284667969,36.871639251708984,72.62989807128906,125.85164642333984,97.76756286621094,32.22346878051758,35.61106491088867,105.73086547851562
2020-05-18,76.17256927490234,174.9382781982422,53.41526794433594,37.529605865478516,76.47698974609375,125.91856384277344,99.13241577148438,34.7859992980957,37.01871871948242,113.29346466064453
2020-05-19,75.73242950439453,173.7273712158203,53.74509811401367,37.15481185913086,74.97195434570312,124.66375732421875,95.91646575927734,33.711891174316406,36.66474151611328,110.88894653320312
2020-05-20,77.20524597167969,176.1370849609375,56.25005340576172,37.846092224121094,77.22103881835938,123.54277038574219,96.63304138183594,34.809024810791016,37.776039123535156,116.27001953125
2020-05-21,76.62966918945312,174.02142333984375,55.25164031982422,37.1797981262207,76.240234375,122.73133087158203,95.21696472167969,34.18758010864258,37.18334197998047,114.24363708496094
2020-05-22,77.123046875,174.09732055664062,55.501243591308594,37.39635467529297,75.64837646484375,121.6109619140625,96.05292510986328,34.21824645996094,37.06809997558594,114.42784118652344
2020-05-26,76.60064697265625,172.2568359375,55.57256317138672,37.34638214111328,81.01740264892578,121.77104949951172,95.56669616699219,35.22332000732422,37.940670013427734,117.26866149902344
2020-05-27,76.93439483642578,172.48451232910156,56.66012191772461,38.27919387817383,85.71002960205078,122.04902648925781,97.15336608886719,35.476505279541016,38.467525482177734,117.83100891113281
2020-05-28,76.96825408935547,172.0955047607422,55.00204086303711,37.9793701171875,84.43330383300781,123.80111694335938,99.00447845458984,34.555843353271484,38.76386260986328,113.19650268554688
2020-05-29,76.89327239990234,173.85067749023438,56.0985107421875,39.82836151123047,82.27723693847656,125.30049896240234,98.88504028320312,34.885746002197266,38.42635726928711,113.72976684570312
2020-06-01,77.83891296386719,173.4521942138672,55.144676208496094,38.562381744384766,83.36792755126953,123.9864273071289,100.01958465576172,35.507198333740234,38.681541442871094,115.15502166748047
2020-06-02,78.19925689697266,175.42552185058594,55.376441955566406,39.053775787353516,83.64695739746094,124.87935638427734,100.71056365966797,36.29743957519531,38.60746383666992,115.13563537597656
2020-06-03,78.62976837158203,175.8524627685547,55.207061767578125,39.095428466796875,88.16202545166016,125.21625518798828,101.11150360107422,37.77818298339844,39.43064498901367,118.46122741699219
2020-06-04,77.95258331298828,173.53759765625,56.134178161621094,39.02879333496094,89.9968032836914,123.59893035888672,98.99596405029297,37.67076873779297,39.447113037109375,119.9252700805664
2020-06-05,80.17274475097656,177.59808349609375,57.35544967651367,39.836692810058594,94.04682159423828,124.07905578613281,100.94087219238281,40.724334716796875,40.410240173339844,121.02088165283203
2020-06-08,80.64675903320312,178.69857788085938,56.75818634033203,40.086544036865234,95.92385864257812,123.63263702392578,101.55509948730469,41.99791717529297,41.035858154296875,123.40599822998047
2020-06-09,83.19342803955078,180.064697265625,56.19657516479492,40.019920349121094,93.46341705322266,122.95035552978516,100.94942474365234,41.06190872192383,40.336143493652344,120.11918640136719
2020-06-10,85.33379364013672,186.7436065673828,56.93647384643555,39.495208740234375,89.67548370361328,124.50025939941406,101.70862579345703,38.85997009277344,40.023345947265625,118.46122741699219
2020-06-11,81.23687744140625,176.71572875976562,53.219154357910156,36.37189865112305,82.19266510009766,118.66272735595703,99.17509460449219,35.43047332763672,37.48793029785156,109.21159362792969
2020-06-12,81.93824005126953,178.11032104492188,52.88931655883789,37.537933349609375,84.44175720214844,119.74095153808594,98.62916564941406,36.190025329589844,37.87833786010742,111.97484588623047
2020-06-15,82.95159149169922,179.24874877929688,53.57573699951172,37.77114486694336,85.60855865478516,118.98284149169922,99.54190826416016,36.1670036315918,38.45979690551758,113.5164566040039
2020-06-16,85.1500015258789,183.64129638671875,53.84316635131836,38.712284088134766,86.29342651367188,121.68679809570312,100.77027893066406,36.98027420043945,38.850223541259766,114.8350601196289
2020-06-17,85.03146362304688,184.27694702148438,53.92339324951172,38.45410919189453,84.11200714111328,121.31616973876953,100.59967041015625,35.77573013305664,38.69239807128906,114.06910705566406
2020-06-18,85.06534576416016,186.2502899169922,53.55790328979492,38.17093276977539,83.65542602539062,120.80233764648438,101.75125122070312,35.99821472167969,39.032962799072266,114.7671890258789
2020-06-19,84.57923126220703,185.14027404785156,53.14783477783203,37.74615478515625,82.6999740600586,121.1561279296875,101.44419860839844,35.27702331542969,38.22722244262695,110.86954498291016
2020-06-22,86.7921371459961,190.28224182128906,53.566810607910156,37.61289978027344,81.80374145507812,120.78547668457031,100.44610595703125,35.61460876464844,37.99464416503906,112.39176177978516
2020-06-23,88.64469909667969,191.55355834960938,53.41526794433594,37.87107849121094,82.80144500732422,120.3390121459961,100.42906951904297,35.82942581176758,37.911563873291016,113.04137420654297
2020-06-24,87.07992553710938,187.69229125976562,52.67536926269531,37.27140808105469,80.03661346435547,117.77827453613281,99.31156921386719,34.14152908325195,37.08921432495117,108.65894317626953
2020-06-25,88.23596954345703,190.06407165527344,52.1583366394043,37.662864685058594,82.82682800292969,117.65190124511719,100.56556701660156,34.655574798583984,37.32179641723633,107.97056579589844
2020-06-26,85.52484893798828,186.25973510742188,51.25798416137695,38.570709228515625,78.28638458251953,116.0851058959961,98.29645538330078,33.466365814208984,36.19208908081055,105.77932739257812
2020-06-29,87.49590301513672,188.26153564453125,51.944393157958984,38.43744659423828,78.63306427001953,117.12122344970703,100.36934661865234,34.00343704223633,36.84830856323242,108.12567901611328
2020-06-30,88.22631072998047,193.07147216796875,53.335052490234375,38.845558166503906,79.529296875,118.46055603027344,101.9986572265625,34.31032180786133,37.114131927490234,108.11599731445312
2020-07-01,88.05941772460938,194.200439453125,52.4257698059082,38.362483978271484,78.85289001464844,118.24998474121094,102.34842681884766,33.535423278808594,37.23042297363281,109.5703353881836
2020-07-02,88.05941772460938,195.68040466308594,52.711029052734375,38.303733825683594,79.10903930664062,118.74695587158203,103.11615753173828,33.819305419921875,37.28025817871094,108.7656021118164
2020-07-06,90.4150161743164,199.8927001953125,53.07651901245117,38.96688461303711,81.10679626464844,120.44009399414062,103.75592041015625,34.0571403503418,37.57099533081055,110.9471206665039
2020-07-07,90.13448333740234,197.56837463378906,51.980045318603516,38.303733825683594,78.8187255859375,120.33062744140625,104.25924682617188,33.174827575683594,37.554378509521484,110.17146301269531
2020-07-08,92.23371124267578,201.91343688964844,52.24748611450195,38.454830169677734,79.65542602539062,120.68437194824219,104.8307876586914,33.09810256958008,37.438079833984375,113.10924530029297
2020-07-09,92.63036346435547,203.3270263671875,52.078102111816406,39.201927185058594,77.93083953857422,120.02735900878906,104.48102569580078,31.732452392578125,36.474510192871094,113.25467681884766
2020-07-10,92.7923812866211,202.71034240722656,53.06761169433594,39.168357849121094,82.19107055664062,119.92625427246094,105.68383026123047,32.72216796875,37.50454330444336,115.7076644897461
2020-07-13,92.36431884765625,196.44886779785156,52.220741271972656,38.55556869506836,83.36924743652344,122.31858825683594,105.82032775878906,32.72984313964844,37.58761215209961,112.6826400756836
2020-07-14,93.892822265625,197.66322326660156,52.57731246948242,38.83256912231445,83.84735870361328,124.60132598876953,106.70748138427734,33.81162643432617,38.102622985839844,115.04837036132812
2020-07-15,94.53852844238281,197.3690948486328,52.621883392333984,38.950096130371094,85.14508056640625,124.88776397705078,106.20417785644531,34.241268157958984,38.542877197265625,117.22018432617188
2020-07-16,93.37523651123047,193.46044921875,52.71994400024414,38.42963790893555,85.38412475585938,125.72167205810547,106.42597961425781,33.97274398803711,38.335201263427734,115.794921875
2020-07-17,93.18659973144531,192.47381591796875,53.48659133911133,39.2439079284668,83.80470275878906,125.80591583251953,107.16813659667969,33.3896598815918,38.8917350769043,115.0386734008789
2020-07-20,95.15042114257812,200.7465362548828,54.511749267578125,39.428585052490234,83.07044219970703,126.01646423339844,106.83545684814453,32.60708236694336,38.3102912902832,114.20484924316406
2020-07-21,93.8371810913086,198.04270935058594,54.110599517822266,39.470550537109375,84.87186431884766,126.13443756103516,106.69043731689453,34.256614685058594,39.20740509033203,115.00959014892578
2020-07-22,94.10078430175781,200.8888397216797,54.422603607177734,39.36981964111328,84.25717163085938,126.36183166503906,107.6031723022461,33.45870590209961,40.270652770996094,115.40711212158203
2020-07-23,89.8176498413086,192.1512451171875,53.84316635131836,39.79793167114258,84.50475311279297,126.02490234375,108.29938507080078,33.52775573730469,40.10452651977539,114.52481079101562
2020-07-24,89.59516143798828,190.97482299804688,45.098106384277344,38.950096130371094,83.90713500976562,124.76983642578125,108.12767791748047,33.32061004638672,40.27895736694336,114.03033447265625
2020-07-27,91.71858978271484,193.39404296875,44.1888313293457,39.61325454711914,82.72893524169922,123.9780044555664,108.43672180175781,33.81162643432617,40.270652770996094,112.76988983154297
2020-07-28,90.21185302734375,191.6578826904297,43.8946647644043,38.8493537902832,83.08751678466797,123.68315124511719,109.7758560180664,33.41266632080078,40.021461486816406,112.64385223388672
2020-07-29,91.94109344482422,193.59324645996094,42.8516731262207,39.2103271484375,85.1023941040039,123.4388427734375,110.14497375488281,33.780921936035156,39.888545989990234,112.09120178222656
2020-07-30,93.05360412597656,193.44146728515625,42.780357360839844,38.98366928100586,82.83139038085938,123.69157409667969,112.81471252441406,32.12372970581055,39.61443328857422,112.1396713256836
2020-07-31,102.79524993896484,194.4945526123047,42.54857635498047,39.53770446777344,82.5069580078125,122.7818603515625,112.55716705322266,32.284854888916016,39.240638732910156,113.3807144165039
2020-08-03,105.38541412353516,205.43312072753906,43.05670166015625,39.58807373046875,82.04591369628906,124.12120056152344,112.70307159423828,32.415279388427734,38.45979690551758,112.80867767333984
2020-08-04,106.0892105102539,202.3498077392578,43.796607971191406,40.01618957519531,81.57640075683594,124.0116958618164,114.8491439819336,33.351295471191406,38.78376770019531,113.7200698852539
2020-08-05,106.4737777709961,202.017822265625,43.609397888183594,39.73078155517578,82.99359893798828,125.00568389892578,114.5487289428711,33.64282989501953,39.224021911621094,123.72595977783203
2020-08-06,110.18854522705078,205.2528533935547,43.5914421081543,40.100128173828125,83.01921844482422,124.28965759277344,113.92206573486328,33.481719970703125,39.43998718261719,126.8382568359375
2020-08-07,107.68333435058594,201.5813751220703,43.1068000793457,39.81471633911133,84.84623718261719,125.17417907714844,114.64314270019531,33.32827377319336,39.7057991027832,125.97534942626953
2020-08-10,109.24846649169922,197.56837463378906,44.17482376098633,40.06654739379883,85.92198181152344,124.69402313232422,115.11529541015625,34.14921188354492,39.63936233520508,124.87004089355469
2020-08-11,105.99945068359375,192.94813537597656,43.250389099121094,39.61325454711914,88.63692474365234,123.80111694335938,114.36845397949219,34.50212860107422,39.81379318237305,126.51831817626953
2020-08-12,109.52227020263672,198.46011352539062,44.14789962768555,40.37713623046875,87.88563537597656,126.06707000732422,116.28276062011719,34.49430465698242,40.229129791259766,127.77873229980469
2020-08-13,111.46054077148438,197.99525451660156,43.58246994018555,35.8609504699707,87.39899444580078,124.66873168945312,116.55743408203125,33.64935302734375,40.18758773803711,126.97401428222656
2020-08-14,111.3612289428711,198.1850128173828,43.878639221191406,35.67627716064453,87.43313598632812,124.87091827392578,115.97370910644531,33.79800796508789,40.2457389831543,126.55708312988281
2020-08-17,111.07046508789062,199.49420166015625,43.9145393371582,35.33210754394531,85.12799835205078,125.50263977050781,116.31709289550781,33.359886169433594,40.0463752746582,125.43238067626953
2020-08-18,111.99600982666016,200.64218139648438,43.66324996948242,35.23976135253906,83.94129180908203,126.42926788330078,117.1841049194336,33.195587158203125,40.2208137512207,124.99608612060547
2020-08-19,112.13651275634766,199.42491149902344,43.376041412353516,35.14742660522461,84.13764953613281,126.68195343017578,116.54887390136719,32.82787322998047,39.34861373901367,123.8810806274414
2020-08-20,114.62477111816406,204.0657501220703,44.12993240356445,35.516780853271484,83.13021087646484,127.54959106445312,117.47596740722656,32.32716369628906,39.33199691772461,124.22042846679688
2020-08-21,120.53167724609375,202.58224487304688,44.22866439819336,35.466407775878906,83.08751678466797,128.6783447265625,117.982421875,32.084625244140625,39.27385330200195,123.56114196777344
2020-08-24,121.97325134277344,203.2193603515625,44.10301971435547,35.40765380859375,85.42681121826172,129.017578125,118.90096282958984,33.03129196166992,39.84701156616211,126.71221923828125
2020-08-25,120.97261810302734,205.86314392089844,44.3632926940918,35.22297286987305,85.80247497558594,128.94125366210938,119.37306213378906,31.98293113708496,39.797176361083984,125.839599609375
2020-08-26,122.61773681640625,210.3138427734375,44.47099304199219,35.466407775878906,84.5986557006836,129.14471435546875,118.7979507446289,31.30227279663086,40.00484085083008,128.1568603515625
2020-08-27,121.15191650390625,215.477783203125,44.33636474609375,35.4999885559082,87.38189697265625,129.72134399414062,118.64344787597656,31.091039657592773,40.06298828125,129.65966796875
2020-08-28,120.95567321777344,217.69361877441406,45.26079177856445,35.424434661865234,87.740478515625,130.28102111816406,119.12415313720703,31.834280014038086,41.39205551147461,131.4145965576172
2020-08-31,125.05756378173828,214.47921752929688,45.72749328613281,35.44123077392578,85.53780364990234,130.0859375,118.74645233154297,31.247512817382812,41.14285659790039,127.85629272460938
2020-09-01,130.0388946533203,216.13400268554688,45.58389663696289,35.281734466552734,85.4951171875,128.48329162597656,118.61768341064453,30.848506927490234,40.802284240722656,129.4851837158203
2020-09-02,127.34469604492188,220.2993621826172,46.89423370361328,35.60911560058594,86.78428649902344,130.44210815429688,120.61779022216797,30.660734176635742,42.52175521850586,131.26914978027344
2020-09-03,117.14936828613281,206.6525115966797,45.224891662597656,34.3751335144043,86.51107788085938,126.81278991699219,118.68637084960938,30.598154067993164,41.93198776245117,129.1846160888672
2020-09-04,117.2269058227539,203.751953125,44.94666290283203,34.266014099121094,88.38080596923828,125.99878692626953,118.42881774902344,30.574674606323242,42.397159576416016,127.97264862060547
2020-09-08,109.33812713623047,192.72984313964844,43.89659118652344,33.57767105102539,85.30729675292969,124.87101745605469,116.69483184814453,29.87055015563965,41.375450134277344,130.11537170410156
2020-09-09,113.69925689697266,200.93698120117188,44.5338134765625,33.686798095703125,86.11836242675781,126.94002532958984,118.59193420410156,29.690610885620117,41.69108963012695,129.3009490966797
2020-09-10,109.9874496459961,195.30702209472656,43.941471099853516,33.21671676635742,85.23045349121094,124.57421112060547,117.3471908569336,28.94736671447754,41.533267974853516,129.16519165039062
2020-09-11,108.5434341430664,194.03269958496094,44.22866439819336,33.476932525634766,86.28910064697266,125.3119125366211,118.58335876464844,28.86913299560547,42.41376876831055,127.73995208740234
2020-09-14,111.79973602294922,195.34512329101562,44.345340728759766,33.88826370239258,87.4843521118164,125.7953109741211,119.00395965576172,28.681364059448242,42.464012145996094,127.25517272949219
2020-09-15,111.97418212890625,198.5499267578125,44.87486267089844,34.08133316040039,84.7608642578125,126.25315856933594,119.00395965576172,28.37624168395996,42.74873352050781,127.24547576904297
2020-09-16,108.66943359375,195.00277709960938,45.20692825317383,33.930240631103516,85.11944580078125,125.83769226074219,118.20562744140625,29.581077575683594,42.531005859375,128.069580078125
2020-09-17,106.9346694946289,192.96755981445312,45.16206359863281,33.88826370239258,84.14616394042969,124.794677734375,118.05109405517578,29.573251724243164,42.33003234863281,126.25653076171875
2020-09-18,103.54267883300781,190.571044921875,44.776145935058594,33.418174743652344,83.96691131591797,126.49911499023438,117.92235565185547,29.096017837524414,42.24629211425781,124.71491241455078
2020-09-21,106.68267059326172,192.61572265625,44.62356185913086,32.77180862426758,81.37146759033203,123.03937530517578,117.35581970214844,28.50141716003418,41.107444763183594,121.5929183959961
2020-09-22,108.35931396484375,197.256591796875,44.829986572265625,33.0068473815918,80.48356628417969,122.28472900390625,118.42881774902344,27.79729652404785,41.58476257324219,123.338134765625
2020-09-23,103.81404113769531,190.7613067626953,43.81582260131836,32.13383102416992,79.17728424072266,122.47972106933594,117.01238250732422,26.905399322509766,40.370548248291016,119.52774810791016
2020-09-24,104.88011169433594,193.23390197753906,44.1209716796875,31.772871017456055,79.10903930664062,122.67477416992188,117.53605651855469,26.850637435913086,40.78085708618164,118.76179504394531
2020-09-25,108.8147964477539,197.63699340820312,44.82101058959961,32.27654266357422,79.80054473876953,123.51425170898438,118.13695526123047,27.10099220275879,40.79762649536133,120.22583770751953
2020-09-28,111.41207885742188,199.1776123046875,46.15827941894531,32.84735870361328,82.09716033935547,124.74382019042969,118.47174835205078,27.62517738342285,41.266544342041016,122.15525817871094
2020-09-29,110.56891632080078,197.10443115234375,45.94289016723633,32.78858947753906,81.4056167602539,124.7013931274414,117.82791137695312,26.8193416595459,40.96508026123047,121.5832290649414
2020-09-30,112.23585510253906,200.0240020751953,46.472412109375,33.065608978271484,82.19107055664062,126.2447280883789,119.31299591064453,26.85846710205078,41.341915130615234,120.30339050292969
2020-10-01,113.18560791015625,202.04966735839844,46.88527297973633,32.870758056640625,82.78868865966797,124.92186737060547,119.5276107788086,25.919626235961914,41.182804107666016,119.55683898925781
2020-10-02,109.53194427490234,196.08685302734375,45.781333923339844,32.421749114990234,83.57415008544922,124.00608825683594,118.56616973876953,25.80227279663086,41.333534240722656,118.81996154785156
2020-10-05,112.90455627441406,200.07156372070312,46.391632080078125,32.675907135009766,85.34060668945312,125.69351196289062,119.65637969970703,26.396867752075195,41.35028839111328,119.6150131225586
2020-10-06,109.6676254272461,195.8206024169922,46.10443878173828,32.675907135009766,84.46168518066406,124.02303314208984,119.8452377319336,26.1230411529541,40.981834411621094,117.24927520751953
2020-10-07,111.52837371826172,199.54852294921875,47.271183013916016,33.37906265258789,85.9351577758789,125.39675903320312,120.78093719482422,26.209102630615234,41.50102233886719,119.16902160644531
2020-10-08,111.4217758178711,200.2617645263672,47.89943313598633,33.709476470947266,87.70159912109375,126.25315856933594,121.5964126586914,27.5860538482666,42.25466537475586,119.3435287475586
2020-10-09,113.36004638671875,205.23550415039062,47.40580368041992,33.76029586791992,87.20182800292969,128.0169677734375,122.68663787841797,27.179231643676758,42.54775619506836,121.17601013183594
2020-10-12,120.56074523925781,210.55157470703125,48.35716247558594,34.192359924316406,88.27031707763672,128.75462341308594,124.03436279296875,27.09316635131836,42.782230377197266,121.16631317138672
2020-10-13,117.36260223388672,211.9400177001953,48.312286376953125,33.726409912109375,86.83992004394531,125.80374145507812,123.79400634765625,26.772401809692383,42.05369186401367,125.03487396240234
2020-10-14,117.44979858398438,210.03811645507812,48.06098937988281,33.794185638427734,86.3573989868164,125.58329772949219,123.64807891845703,26.71764373779297,41.96996307373047,122.73699951171875
2020-10-15,116.98461151123047,208.89683532714844,48.33023452758789,33.861961364746094,87.64989471435547,124.8116455078125,123.46780395507812,26.952348709106445,41.86109924316406,123.48356628417969
2020-10-16,115.34679412841797,208.89683532714844,48.608455657958984,34.02292251586914,87.46893310546875,125.58329772949219,123.94850158691406,26.678518295288086,41.894588470458984,122.95030212402344
2020-10-19,112.40060424804688,203.72341918945312,48.98540496826172,33.29434585571289,85.9954605102539,122.37799072265625,121.81961059570312,26.146509170532227,41.55126190185547,120.4488296508789
2020-10-20,113.8833999633789,204.13230895996094,47.95328140258789,33.20962905883789,86.48663330078125,122.572998046875,122.30889892578125,26.365571975708008,42.07881164550781,121.14691162109375
2020-10-21,113.26313781738281,204.27499389648438,48.01610565185547,33.09102249145508,85.62495422363281,122.04727172851562,122.96990966796875,25.94309425354004,41.86109924316406,122.77577209472656
2020-10-22,112.17770385742188,204.36056518554688,48.37510299682617,32.8876953125,88.64944458007812,123.02242279052734,122.09893035888672,27.27311134338379,42.43889617919922,123.67747497558594
2020-10-23,111.48961639404297,205.63490295410156,43.25937271118164,32.8876953125,89.45081329345703,123.15809631347656,122.90174102783203,26.7254638671875,42.3049201965332,124.44342803955078
2020-10-26,111.49931335449219,199.78628540039062,41.93107604980469,31.91343116760254,87.23626708984375,122.08123016357422,121.969482421875,26.091745376586914,41.70199203491211,120.28400421142578
2020-10-27,113.00144958496094,202.80091857910156,40.96178436279297,31.235681533813477,85.59049987792969,121.3858413696289,122.88447570800781,25.677091598510742,41.785736083984375,119.55683898925781
2020-10-28,107.76813507080078,192.74887084960938,39.71425247192383,30.252960205078125,83.18641662597656,117.32414245605469,118.82746124267578,24.699142456054688,40.161190032958984,114.86414337158203
2020-10-29,111.76097106933594,194.6889190673828,39.5886116027832,30.236007690429688,83.72928619384766,116.33203887939453,118.749755859375,25.794452667236328,40.21144485473633,117.84070587158203
2020-10-30,105.50033569335938,192.54916381835938,39.74117660522461,30.413923263549805,84.47892761230469,116.2641830444336,118.34403228759766,25.5206298828125,40.244937896728516,117.55953979492188
2020-11-02,105.4131088256836,192.416015625,39.902732849121094,30.413923263549805,86.38323974609375,117.60393524169922,119.55254364013672,26.592456817626953,40.71387481689453,116.4736328125
2020-11-03,107.03157806396484,196.3151092529297,40.25275421142578,31.074726104736328,89.10611724853516,117.44284057617188,121.9004135131836,26.138690948486328,41.325157165527344,120.24522399902344
2020-11-04,111.40240478515625,205.787109375,41.01563262939453,30.981536865234375,86.38323974609375,118.20599365234375,121.3997573852539,25.99786376953125,41.1744384765625,121.26326751708984
2020-11-05,115.35647583007812,212.3489990234375,41.295875549316406,31.54067611694336,89.91610717773438,118.51127624511719,122.90174102783203,25.950916290283203,41.40052032470703,123.09573364257812
2020-11-06,115.22542572021484,212.75790405273438,41.03371047973633,31.794828414916992,88.71837615966797,120.62269592285156,123.63542938232422,25.645803451538086,41.40890884399414,123.58052825927734
2020-11-09,112.92459869384766,207.6890869140625,41.22356033325195,32.36244583129883,100.73018646240234,123.870361328125,119.11227416992188,28.89259910583496,44.02155303955078,138.25001525878906
2020-11-10,112.58482360839844,200.6707000732422,41.07891082763672,32.80298614501953,100.40271759033203,125.73591613769531,121.07172393798828,29.533588409423828,45.2022705078125,137.78460693359375
2020-11-11,116.0020523071289,205.93927001953125,41.90156555175781,33.31977081298828,98.90339660644531,125.32889556884766,122.63411712646484,29.229116439819336,44.8673210144043,133.6251983642578
2020-11-12,115.73023223876953,204.8836212158203,40.63594055175781,32.7606315612793,97.6884536743164,125.75288391113281,122.70320129394531,28.227569580078125,44.390010833740234,131.39520263671875
2020-11-13,115.77877044677734,205.9011688232422,41.09699249267578,35.07344436645508,98.30023193359375,127.109619140625,124.54179382324219,28.908626556396484,44.75846862792969,134.1487579345703
2020-11-16,116.78842163085938,206.5858612060547,41.75692367553711,36.03922653198242,101.0748519897461,127.91517639160156,122.94486236572266,30.575199127197266,45.09342575073242,140.26669311523438
2020-11-17,115.90498352050781,203.95169067382812,41.16027069091797,35.48008728027344,100.0494384765625,126.64324188232422,122.47012329101562,30.98382568359375,44.95106506347656,140.10189819335938
2020-11-18,114.58466339111328,201.2628173828125,40.73537826538086,35.00565719604492,99.30840301513672,124.96428680419922,120.58834838867188,29.814027786254883,44.055057525634766,139.5201416015625
2020-11-19,115.1768798828125,202.54049682617188,41.241634368896484,34.878578186035156,99.57552337646484,124.76927947998047,120.4416275024414,29.96626091003418,44.49049758911133,137.406494140625
2020-11-20,113.9148178100586,200.60487365722656,41.03371047973633,34.70915222167969,98.72244262695312,124.10782623291016,120.24304962158203,29.597686767578125,44.10530090332031,136.77627563476562
2020-11-23,110.52670288085938,200.33795166015625,41.63941192626953,35.27676010131836,101.56599426269531,122.84416198730469,119.77694702148438,31.53667640686035,44.11366271972656,141.53683471679688
2020-11-24,111.80815887451172,203.91348266601562,42.49822998046875,36.09852600097656,106.26214599609375,122.84416198730469,119.38851165771484,33.63593292236328,44.56586837768555,146.87913513183594
2020-11-25,112.64306640625,203.92306518554688,42.53438186645508,36.00534439086914,105.15057373046875,122.6819076538086,119.70787811279297,32.6984748840332,44.32301712036133,144.5521697998047
2020-11-27,113.18671417236328,205.21986389160156,42.89600372314453,36.174766540527344,104.45262145996094,122.95510864257812,119.64747619628906,32.20170974731445,44.13042068481445,142.65184020996094
2020-11-30,115.57490539550781,204.11375427246094,43.70962142944336,36.44587707519531,101.57462310791016,123.5357437133789,119.87191009521484,30.551164627075195,43.548099517822266,143.50503540039062
2020-12-01,119.1377944946289,206.15423583984375,44.803489685058594,36.886409759521484,103.17735290527344,125.90093231201172,120.30349731445312,30.847612380981445,43.91943359375,144.89154052734375
2020-12-02,119.4872817993164,205.35324096679688,45.11085510253906,37.18292236328125,105.15918731689453,126.4900894165039,119.43170166015625,32.001407623291016,43.978511810302734,148.93460083007812
2020-12-03,119.35136413574219,204.2758331298828,46.096248626708984,37.36930847167969,104.46986389160156,127.22441101074219,118.55120849609375,32.21773910522461,44.5439567565918,148.57586669921875
2020-12-04,118.6814956665039,204.39019775390625,47.00027847290039,37.59804916381836,105.41769409179688,128.30882263183594,118.66344451904297,33.39555358886719,45.446998596191406,149.44847106933594
2020-12-07,120.1377182006836,204.323486328125,45.3820686340332,37.5726318359375,105.02131652832031,127.19878387451172,118.84468841552734,32.77058792114258,44.72118377685547,149.00247192382812
2020-12-08,120.74932861328125,205.96348571777344,45.825042724609375,37.589569091796875,105.12472534179688,129.40174865722656,119.16410064697266,33.84425354003906,44.88154220581055,149.04127502441406
2020-12-09,118.2252197265625,201.94935607910156,45.2645378112793,37.86066818237305,104.30614471435547,130.72523498535156,117.74842834472656,34.292938232421875,45.008140563964844,149.72962951660156
2020-12-10,119.64260864257812,200.72885131835938,45.43631362915039,37.54721450805664,103.63402557373047,129.99942016601562,116.9715805053711,35.26243209838867,44.77182388305664,149.9817352294922
2020-12-11,118.83683776855469,203.3414306640625,44.95718002319336,37.54721450805664,103.022216796875,130.5970916748047,117.83477020263672,35.09416961669922,45.02500915527344,170.3716278076172
2020-12-14,118.2252197265625,204.23770141601562,45.626155853271484,37.47944259643555,101.93651580810547,127.28418731689453,117.26505279541016,33.828224182128906,44.95750045776367,164.14703369140625
2020-12-15,124.14714813232422,204.17091369628906,45.80695724487305,37.886085510253906,103.67711639404297,128.56497192382812,117.95561218261719,34.485225677490234,45.43854904174805,168.6458282470703
2020-12-16,124.0792007446289,209.08140563964844,46.21377182006836,37.886085510253906,103.97872161865234,127.79649353027344,118.4908218383789,35.01404571533203,44.78026580810547,167.8507843017578
2020-12-17,124.94322204589844,209.2149200439453,45.788883209228516,37.97080993652344,103.11702728271484,131.16920471191406,119.33673095703125,34.8377799987793,44.95750045776367,168.2677001953125
2020-12-18,122.9627914428711,208.42349243164062,42.90503692626953,38.49605941772461,102.60863494873047,131.92909240722656,120.01864624023438,34.23684310913086,45.354156494140625,167.62777709960938
2020-12-21,124.48694610595703,212.23745727539062,41.91061782836914,38.021644592285156,106.4603500366211,130.65692138671875,118.70663452148438,33.61188888549805,44.56928634643555,165.49473571777344
2020-12-22,128.0304412841797,213.52471923828125,41.73884582519531,37.86066818237305,104.84037780761719,130.4007568359375,117.86930084228516,33.042999267578125,44.52708435058594,165.2620391845703
2020-12-23,127.13727569580078,210.7405242919922,42.1004638671875,37.59804916381836,107.77009582519531,129.73472595214844,117.68803405761719,33.46765899658203,44.797149658203125,168.2677001953125
2020-12-24,128.11776733398438,212.3900604248047,42.55247497558594,37.73359298706055,107.29613494873047,130.187255859375,118.87923431396484,33.33144760131836,45.1009635925293,168.44219970703125
2020-12-28,132.69998168945312,214.4972686767578,42.55247497558594,38.05551528930664,108.00273895263672,130.8020782470703,119.70787811279297,33.4436149597168,45.70861053466797,173.4160614013672
2020-12-29,130.93310546875,213.72496032714844,44.649810791015625,37.81831359863281,107.71839904785156,131.6132049560547,119.48345947265625,33.06705093383789,45.68329620361328,171.90354919433594
2020-12-30,129.81668090820312,211.36984252929688,44.071231842041016,37.682762145996094,108.01998138427734,133.24403381347656,118.92237091064453,33.33144760131836,45.944923400878906,175.65574645996094
2020-12-31,128.81674194335938,212.07540893554688,45.03853988647461,37.91150665283203,109.4934310913086,134.37969970703125,120.10498809814453,33.026981353759766,46.282501220703125,175.66543579101562
2021-01-04,125.63250732421875,207.56536865234375,44.90293502807617,37.544254302978516,108.45942687988281,133.62832641601562,118.96556091308594,33.25132751464844,44.52708435058594,172.27198791503906
2021-01-05,127.1857681274414,207.765625,45.75271987915039,37.56135177612305,109.04959106445312,135.19940185546875,119.72516632080078,34.85380554199219,44.0375862121582,173.0088653564453
2021-01-06,122.90451049804688,202.37838745117188,46.19569396972656,37.920047760009766,114.17011260986328,136.4716339111328,120.98541259765625,35.743167877197266,42.636627197265625,173.66815185546875
2021-01-07,127.09842681884766,208.13746643066406,47.18107604980469,38.39830780029297,117.91934204101562,136.93272399902344,119.85466003417969,36.02361297607422,42.163997650146484,173.1446075439453
2021-01-08,128.19544982910156,209.4055938720703,46.69290542602539,38.48371887207031,118.04956817626953,136.6509552001953,119.80284881591797,36.424224853515625,43.109230041503906,173.25125122070312
2021-01-11,125.21503448486328,207.37472534179688,46.59346389770508,38.73994064331055,119.81135559082031,136.078857421875,118.991455078125,37.52993392944336,42.366554260253906,173.6390838623047
2021-01-12,125.04029846191406,204.93374633789062,48.13031005859375,39.107181549072266,121.69462585449219,135.02012634277344,118.3009262084961,38.36322784423828,42.29059982299805,170.6334228515625
2021-01-13,127.0693130493164,206.2781524658203,51.484249114990234,38.73994064331055,121.80750274658203,134.81517028808594,118.48213958740234,38.79588317871094,42.33279800415039,170.75946044921875
2021-01-14,125.14710998535156,203.1125946044922,53.56349563598633,38.560585021972656,122.51917266845703,137.17181396484375,117.22188568115234,40.31022262573242,41.54791259765625,168.15133666992188
2021-01-15,123.42877197265625,202.75978088378906,52.05378723144531,38.799720764160156,120.32341766357422,136.87295532226562,116.3414306640625,38.37123107910156,41.100616455078125,166.22190856933594
2021-01-19,124.09861755371094,206.37351989746094,52.4244270324707,38.5947380065918,119.80267333984375,138.99053955078125,115.3228759765625,39.13240051269531,40.94027328491211,167.01695251464844
2021-01-20,128.17601013183594,213.90614318847656,53.03916549682617,38.722862243652344,118.00614929199219,138.64901733398438,113.8813247680664,39.68525314331055,41.083744049072266,168.35494995117188
2021-01-21,132.874755859375,214.50677490234375,56.46541976928711,38.526424407958984,117.01676940917969,138.093994140625,113.76929473876953,38.54750061035156,41.311614990234375,166.06678771972656
2021-01-22,135.01048278808594,215.44119262695312,51.22208023071289,38.236045837402344,116.1141586303711,139.64796447753906,112.89224243164062,38.002655029296875,40.923397064208984,167.52113342285156
2021-01-25,138.7481689453125,218.85470581054688,50.119163513183594,38.45810317993164,114.66478729248047,141.72286987304688,114.83744812011719,37.5780143737793,41.16813659667969,166.65821838378906
2021-01-26,138.98118591308594,221.52447509765625,49.911231994628906,38.654537200927734,114.1961441040039,145.56524658203125,115.5755844116211,36.75272750854492,41.59856033325195,164.3991241455078
2021-01-27,137.91322326660156,222.0679473876953,48.44671630859375,39.03031539916992,110.96762084960938,143.34518432617188,111.48540496826172,36.33609390258789,40.95713806152344,158.06788635253906
2021-01-28,133.08831787109375,227.81748962402344,50.68870162963867,38.722862243652344,112.92034912109375,144.4381103515625,113.20484161376953,36.90496826171875,41.48040008544922,166.6485137939453
2021-01-29,128.10806274414062,221.17172241210938,50.182437896728516,38.07378005981445,111.67059326171875,139.28936767578125,111.3377914428711,35.927459716796875,40.63644790649414,163.0514373779297
2021-02-01,130.22442626953125,228.50399780273438,51.24919891357422,38.77410888671875,112.49507904052734,138.93075561523438,111.99776458740234,35.991554260253906,40.91495132446289,165.76620483398438
2021-02-02,131.0496368408203,228.3705291748047,52.433467864990234,39.14134216308594,115.95795440673828,137.68414306640625,111.84146118164062,36.5604362487793,41.32004928588867,171.57391357421875
2021-02-03,130.03030395507812,231.69821166992188,52.1441764831543,39.0900993347168,117.28580474853516,137.04373168945312,111.98039245605469,37.9946403503418,41.15970230102539,171.06002807617188
2021-02-04,133.3795623779297,230.75425720214844,53.47024154663086,40.35411071777344,119.98491668701172,138.3159637451172,112.0499038696289,38.723777770996094,41.36224365234375,174.74436950683594
2021-02-05,132.96633911132812,230.93544006347656,52.91543960571289,41.06296920776367,119.75062561035156,140.41650390625,112.5188217163086,40.02177047729492,41.902381896972656,175.64605712890625
2021-02-08,133.1121826171875,231.19290161132812,53.8067626953125,41.797462463378906,121.6252212524414,140.81776428222656,112.17146301269531,41.74443817138672,42.1302490234375,184.21697998046875
2021-02-09,132.23719787597656,232.43238830566406,53.461151123046875,41.421669006347656,121.13922119140625,141.97048950195312,111.73724365234375,41.25553512573242,41.9445686340332,182.4814910888672
2021-02-10,131.63436889648438,231.526611328125,53.53390884399414,40.34556579589844,121.20864868164062,142.4315643310547,111.3464584350586,41.654808044433594,41.86017990112305,183.8582763671875
2021-02-11,131.38156127929688,233.1189727783203,55.17103958129883,40.63593673706055,120.87017059326172,141.79115295410156,111.44200897216797,40.6118049621582,42.45095443725586,185.09930419921875
2021-02-12,131.6148681640625,233.5956573486328,56.21697998046875,40.38826370239258,122.58857727050781,142.23516845703125,110.82542419433594,41.16590881347656,42.78009033203125,181.9579315185547
2021-02-16,129.49537658691406,232.36569213867188,56.817256927490234,39.722103118896484,125.53939056396484,140.94586181640625,111.08595275878906,42.40446853637695,42.425628662109375,180.67811584472656
2021-02-17,127.21060180664062,233.3787078857422,56.25335693359375,39.50004196166992,125.92993927001953,141.4496307373047,111.55489349365234,43.064491271972656,42.307472229003906,180.76536560058594
2021-02-18,126.1119384765625,232.98687744140625,56.035072326660156,39.57691192626953,126.35514831542969,141.51792907714844,112.48406219482422,42.38815689086914,42.84761047363281,177.43006896972656
2021-02-19,126.26748657226562,230.29183959960938,57.30838394165039,39.013240814208984,128.4641571044922,139.16131591796875,110.39122772216797,42.673362731933594,42.29059982299805,178.0602569580078
2021-02-22,122.50482177734375,224.11810302734375,55.21651077270508,38.799720764160156,129.67050170898438,139.07537841796875,109.92230987548828,44.24601364135742,42.72945022583008,185.92344665527344
2021-02-23,122.36870574951172,222.93299865722656,55.58940505981445,38.8680419921875,130.7119598388672,137.8467559814453,110.73859405517578,44.85713577270508,42.65350341796875,191.09120178222656
2021-02-24,121.87284851074219,224.1562957763672,57.472103118896484,39.06448745727539,133.01182556152344,139.69395446777344,110.86016845703125,46.201637268066406,42.796966552734375,191.4984130859375
2021-02-25,117.6337890625,218.84271240234375,54.934566497802734,38.876583099365234,131.20668029785156,139.84005737304688,109.92230987548828,45.43568420410156,42.34123229980469,185.1671600341797
2021-02-26,117.89631652832031,222.0824432373047,55.280181884765625,38.321441650390625,127.7264633178711,136.14556884765625,107.27367401123047,44.30303955078125,41.34537124633789,183.2862091064453
2021-03-01,124.24515533447266,226.44039916992188,57.190155029296875,39.21820831298828,130.6165313720703,136.88450622558594,107.93365478515625,45.957176208496094,42.113372802734375,189.04544067382812
2021-03-02,121.64923858642578,223.50643920898438,55.69855499267578,38.876583099365234,130.1912384033203,136.62673950195312,107.594970703125,45.68828201293945,42.28215408325195,188.03707885742188
2021-03-03,118.67411804199219,217.47604370117188,54.47980499267578,38.54349899291992,132.7081298828125,134.22103881835938,106.9523696899414,46.054962158203125,42.180877685546875,186.40821838378906
2021-03-04,116.79766082763672,216.6828155517578,53.0518798828125,38.05670166015625,130.66856384277344,131.51461791992188,106.07525634765625,47.8394660949707,42.147117614746094,182.3069610595703
2021-03-05,118.05184936523438,221.33706665039062,55.24379348754883,39.50004196166992,130.9723358154297,134.11793518066406,109.40125274658203,49.64842224121094,42.86448669433594,184.20730590820312
2021-03-08,113.13221740722656,217.3135986328125,54.43433380126953,40.57615280151367,132.7081298828125,135.23484802246094,110.55622863769531,49.59953308105469,43.58184814453125,195.76451110839844
2021-03-09,117.73101806640625,223.42044067382812,56.9991569519043,40.90069580078125,131.7707977294922,135.4926300048828,109.5749282836914,48.83357620239258,42.92356491088867,188.58975219726562
2021-03-10,116.65182495117188,222.1206817626953,56.61715316772461,41.242313385009766,134.63482666015625,136.73838806152344,110.58228302001953,50.332889556884766,43.41305923461914,189.1230010986328
2021-03-11,118.57689666748047,226.6219940185547,57.581241607666016,41.67789077758789,133.9318389892578,136.7297821044922,110.20887756347656,49.958072662353516,42.94044494628906,190.7615509033203
2021-03-12,117.67268371582031,225.3031463623047,57.208351135253906,41.694969177246094,135.52008056640625,137.12506103515625,111.27699279785156,50.49585723876953,42.855350494384766,191.1590576171875
2021-03-15,120.55059051513672,224.40476989746094,58.01781463623047,42.19886016845703,134.84307861328125,137.82957458496094,111.6417236328125,49.20840072631836,43.42551040649414,190.771240234375
2021-03-16,122.08674621582031,227.17628479003906,58.91822814941406,42.4209098815918,133.22885131835938,138.6457977294922,111.97174835205078,48.1654052734375,43.58718490600586,188.3279571533203
2021-03-17,121.29923248291016,226.53598022460938,59.82775115966797,42.20740509033203,134.60009765625,138.13026428222656,111.52015686035156,48.377262115478516,43.60420608520508,189.29750061035156
2021-03-18,117.1865463256836,220.4960174560547,57.9632453918457,41.67789077758789,136.82188415527344,137.87254333496094,111.7633056640625,46.29126739501953,43.03404998779297,186.42759704589844
2021-03-19,116.66152954101562,220.1424102783203,57.99052429199219,41.83161926269531,134.64346313476562,137.50308227539062,111.16410064697266,46.030521392822266,43.23828125,185.3223114013672
2021-03-22,119.96722412109375,225.53250122070312,59.691307067871094,42.95896911621094,131.0244140625,137.8983154296875,113.04850769042969,45.55791091918945,43.39997482299805,186.98997497558594
2021-03-23,119.14080810546875,227.0520782470703,57.735862731933594,42.7112922668457,129.71388244628906,137.76943969726562,115.15008544921875,44.99566650390625,43.73185348510742,182.9856719970703
2021-03-24,116.75873565673828,225.02597045898438,56.4261589050293,42.403831481933594,130.72061157226562,139.1097869873047,115.1153335571289,45.90829086303711,43.84248352050781,179.09771728515625
2021-03-25,117.244873046875,222.04425048828125,56.40797424316406,43.138336181640625,132.39564514160156,139.1613006591797,115.91427612304688,45.77791976928711,44.267974853515625,181.22105407714844
2021-03-26,117.84768676757812,226.00079345703125,59.000091552734375,44.897682189941406,134.60009765625,141.7044677734375,117.62501525878906,47.024620056152344,45.135986328125,180.2611846923828
2021-03-29,118.022705078125,224.8157501220703,58.66356658935547,44.854976654052734,132.5084991455078,142.65817260742188,119.46603393554688,46.77201461791992,45.82526397705078,179.22377014160156
2021-03-30,116.57402801513672,221.57594299316406,57.9996223449707,44.21443176269531,134.07066345214844,141.77317810058594,117.62501525878906,46.193477630615234,45.22958755493164,179.88307189941406
2021-03-31,118.76163482666016,225.32225036621094,58.20880889892578,44.16319274902344,132.11795043945312,141.20616149902344,117.60763549804688,45.49272155761719,44.85514450073242,178.90379333496094
2021-04-01,119.58804321289062,231.61068725585938,58.70905303955078,44.39378356933594,133.40237426757812,139.90020751953125,116.60899353027344,46.76387405395508,44.68495178222656,183.21835327148438
2021-04-05,122.4076156616211,238.0329132080078,60.51897430419922,45.08192825317383,134.1095733642578,140.41567993164062,118.493408203125,46.03866195678711,44.94025802612305,182.76266479492188
2021-04-06,122.7090072631836,236.87648010253906,59.627655029296875,44.755062103271484,133.16668701171875,140.38133239746094,118.53682708740234,45.90829086303711,45.26362609863281,183.95521545410156
2021-04-07,124.35210418701172,238.82608032226562,60.25522994995117,44.53141403198242,135.25318908691406,140.57037353515625,118.7452392578125,46.11200714111328,45.340213775634766,181.8512725830078
2021-04-08,126.74388122558594,242.02767944335938,60.98283004760742,44.651824951171875,135.41900634765625,140.02044677734375,119.1968002319336,45.63124465942383,45.20404815673828,181.6185760498047
2021-04-09,129.31065368652344,244.51242065429688,62.083335876464844,44.80665969848633,136.43173217773438,138.54269409179688,118.42393493652344,45.52531814575195,45.255104064941406,182.17124938964844
2021-04-12,127.59947967529297,244.56976318359375,59.491214752197266,44.359371185302734,136.14366149902344,138.87779235839844,118.9015884399414,45.22381591796875,45.3997688293457,180.8138427734375
2021-04-13,130.70095825195312,247.03546142578125,59.318424224853516,44.43678665161133,134.5198211669922,137.02194213867188,117.32978820800781,45.394935607910156,45.17852020263672,179.84426879882812
2021-04-14,128.36753845214844,244.26393127441406,58.38161849975586,44.18734359741211,132.00563049316406,137.3999786376953,117.75529479980469,46.70683670043945,45.170013427734375,181.7543182373047
2021-04-15,130.76905822753906,248.00070190429688,59.136505126953125,44.419593811035156,132.8437042236328,137.8037872314453,119.17943572998047,46.429779052734375,45.38275909423828,180.2708740234375
2021-04-16,130.43846130371094,249.18572998046875,58.89094924926758,45.41739273071289,133.83016967773438,139.39328002929688,119.18814086914062,46.16904067993164,45.680599212646484,181.56039428710938
2021-04-19,131.09959411621094,247.27435302734375,57.87228775024414,45.46039962768555,133.26272583007812,139.77992248535156,118.63235473632812,46.02236557006836,45.95290756225586,181.72520446777344
2021-04-20,129.4176025390625,246.815673828125,57.026451110839844,44.54861831665039,130.31199645996094,143.0361785888672,119.62236022949219,45.052703857421875,46.09757614135742,177.2264404296875
2021-04-21,129.7967529296875,249.03285217285156,57.93595886230469,44.669036865234375,131.4207000732422,143.13072204589844,118.8407974243164,45.63124465942383,46.472007751464844,177.53671264648438
2021-04-22,128.2801055908203,245.77395629882812,56.908206939697266,44.29916000366211,128.65328979492188,141.91925048828125,117.66094207763672,45.03641128540039,46.327335357666016,177.19735717773438
2021-04-23,130.5940399169922,249.57757568359375,53.8795280456543,44.651824951171875,131.1151580810547,142.2113800048828,117.05789184570312,45.280860900878906,46.35287094116211,177.44944763183594
2021-04-26,130.98294067382812,249.95985412597656,53.44295883178711,44.419593811035156,131.4381561279297,141.008544921875,114.71570587158203,45.370506286621094,45.6635856628418,178.6614227294922
2021-04-27,130.66209411621094,250.36126708984375,52.72445297241211,44.18734359741211,132.04055786132812,140.20089721679688,114.64576721191406,45.965328216552734,45.59549331665039,179.0201416015625
2021-04-28,129.87454223632812,243.2795867919922,52.4061164855957,43.96369171142578,132.89605712890625,139.1698760986328,114.83804321289062,47.35055923461914,45.604007720947266,177.8081817626953
2021-04-29,129.77732849121094,241.3204803466797,53.00638961791992,44.2647590637207,135.48011779785156,141.07725524902344,115.80813598632812,48.02688980102539,46.174171447753906,179.6891326904297
2021-04-30,127.81336212158203,241.00506591796875,52.32426452636719,43.791656494140625,134.27537536621094,139.8142852783203,116.60344696044922,46.64165115356445,45.93589401245117,180.35813903808594
2021-05-03,128.86338806152344,240.69927978515625,52.078697204589844,44.015296936035156,133.88255310058594,141.945068359375,117.98428344726562,47.92910385131836,46.36137771606445,179.86367797851562
2021-05-04,124.30350494384766,236.80963134765625,51.751277923583984,43.61962127685547,135.73329162597656,144.14451599121094,117.58228302001953,48.2305908203125,46.07205581665039,178.6420135498047
2021-05-05,124.54659271240234,235.54806518554688,51.70579528808594,43.98089599609375,137.51422119140625,143.54312133789062,116.63844299316406,49.6810188293457,45.95290756225586,175.9853973388672
2021-05-06,126.1410903930664,238.6636505126953,52.335391998291016,45.10772705078125,140.2815704345703,144.11875915527344,118.10665130615234,50.15362548828125,46.412445068359375,176.2568817138672
2021-05-07,126.8130874633789,241.27267456054688,52.77465057373047,45.95930862426758,140.76177978515625,144.77171325683594,118.11537170410156,50.870689392089844,46.386905670166016,179.2140655517578
2021-05-10,123.54071807861328,236.2266387939453,51.218955993652344,45.7270622253418,140.74429321289062,146.29248046875,120.31780242919922,50.992916107177734,46.727298736572266,178.69049072265625
2021-05-11,122.62525939941406,235.3187255859375,50.36790084838867,45.44320297241211,138.40464782714844,145.0982208251953,119.72344970703125,49.37137222290039,46.22522735595703,176.14053344726562
2021-05-12,119.5671615600586,228.40914916992188,49.06843185424805,44.38517379760742,137.45310974121094,144.51397705078125,118.45624542236328,49.63592529296875,45.98694610595703,172.43679809570312
2021-05-13,121.70978546142578,232.26051330566406,49.425331115722656,45.15074157714844,140.98876953125,146.02610778808594,120.36148071289062,49.02415466308594,46.386905670166016,172.91189575195312
2021-05-14,124.12508392333984,237.15367126464844,50.65157699584961,45.503414154052734,143.17996215820312,146.2495574951172,120.61493682861328,50.23943328857422,46.574127197265625,168.41311645507812
2021-05-17,122.97586059570312,234.31527709960938,50.633277893066406,45.53781509399414,143.75613403320312,146.3955841064453,120.37019348144531,51.413360595703125,46.49753952026367,164.9033203125
2021-05-18,121.59290313720703,232.30831909179688,50.18487548828125,45.52921676635742,141.73080444335938,146.4471893310547,119.13792419433594,49.958335876464844,46.242244720458984,164.51547241210938
2021-05-19,121.43708801269531,232.8831024169922,50.660736083984375,45.1335334777832,140.64828491210938,146.1292724609375,119.38265991210938,48.759613037109375,46.09757614135742,164.1179656982422
2021-05-20,123.98872375488281,236.10157775878906,51.200653076171875,45.46039962768555,140.4038543701172,146.97982788085938,120.60617065429688,48.64387130737305,46.50605392456055,166.14434814453125
2021-05-21,122.15777587890625,234.84674072265625,51.31962203979492,45.09912109375,142.00143432617188,146.8853302001953,120.60617065429688,48.709999084472656,46.48052215576172,167.15269470214844
2021-05-24,123.78421020507812,240.2205352783203,52.124916076660156,45.924903869628906,142.76963806152344,147.44725036621094,120.57122802734375,49.28043746948242,46.633689880371094,169.0045623779297
2021-05-25,123.58943176269531,241.12094116210938,52.04256057739258,45.85608673095703,141.29429626464844,147.04092407226562,120.98194885253906,48.164371490478516,46.62519073486328,170.80795288085938
2021-05-26,123.54071807861328,240.90065002441406,52.08831024169922,45.51201629638672,141.27682495117188,146.16775512695312,120.71105194091797,48.726539611816406,46.82942581176758,171.09881591796875
2021-05-27,122.0116958618164,238.8124237060547,52.82955551147461,45.52062225341797,143.47679138183594,145.94297790527344,117.96682739257812,48.412391662597656,47.22087860107422,173.59059143066406
2021-05-28,121.35916900634766,239.16683959960938,52.271339416503906,45.503414154052734,143.3807373046875,146.32334899902344,117.85321044921875,48.25532150268555,47.05067443847656,173.21246337890625
2021-06-01,121.03778076171875,236.98284912109375,52.06085968017578,45.2625617980957,144.9608612060547,143.10728454589844,116.13151550292969,49.98314666748047,47.04216766357422,173.3966827392578
2021-06-02,121.79741668701172,236.88706970214844,52.60077667236328,45.555023193359375,144.96958923339844,143.68653869628906,116.63844299316406,50.37996292114258,47.22938537597656,171.61268615722656
2021-06-03,120.31707000732422,235.364013671875,51.466033935546875,45.8732795715332,145.06564331054688,143.54820251464844,118.7271728515625,50.5783805847168,47.3485221862793,170.8758087158203
2021-06-04,122.60578155517578,240.23008728027344,52.500118255615234,46.509822845458984,145.30136108398438,143.48768615722656,118.8145523071289,50.80160140991211,47.859107971191406,171.78720092773438
2021-06-07,122.61552429199219,243.1229705810547,52.24388122558594,46.380802154541016,144.6204071044922,142.51075744628906,119.22532653808594,50.47090530395508,47.68891143798828,171.60301208496094
2021-06-08,123.43359375,241.9351806640625,52.16151809692383,46.56143569946289,144.04420471191406,141.2571563720703,117.844482421875,51.363765716552734,47.357025146484375,170.96307373046875
2021-06-09,123.81343078613281,242.91221618652344,52.16151809692383,46.46681594848633,142.24583435058594,143.1591339111328,117.80075073242188,51.79364776611328,47.21234893798828,170.68190002441406
2021-06-10,122.82006072998047,246.4085235595703,52.5092658996582,47.33558654785156,140.0283966064453,144.4473114013672,118.67471313476562,51.87632369995117,47.578277587890625,171.1957550048828
2021-06-11,124.0276870727539,247.0311279296875,52.93937301635742,47.11195373535156,139.93235778808594,142.614501953125,117.8619384765625,51.39681625366211,47.79104232788086,171.98110961914062
2021-06-14,127.0760269165039,248.9469451904297,53.2504997253418,46.5958366394043,137.55789184570312,142.968994140625,117.90563201904297,51.31414794921875,47.62812423706055,172.75674438476562
2021-06-15,126.25797271728516,247.4813232421875,53.06748962402344,46.26897430419922,135.47142028808594,142.20814514160156,117.67840576171875,53.182533264160156,47.508087158203125,170.5074005126953
2021-06-16,126.75464630126953,246.54263305664062,52.362850189208984,45.99370574951172,136.42298889160156,142.1563262939453,116.04411315917969,52.99238204956055,46.873619079589844,169.34388732910156
2021-06-17,128.3518524169922,249.91439819335938,52.32624053955078,45.70125961303711,132.48574829101562,142.8392791748047,117.10162353515625,51.24800491333008,47.11368942260742,169.3341827392578
2021-06-18,127.05655670166016,248.50631713867188,50.94441604614258,44.789459228515625,129.1334686279297,140.03814697265625,115.38862609863281,49.93354415893555,46.10196304321289,167.1720733642578
2021-06-21,128.84854125976562,251.57156372070312,51.12744140625,45.74427032470703,131.32464599609375,141.64620971679688,116.29756164550781,51.74404525756836,46.607826232910156,168.67489624023438
2021-06-22,130.48471069335938,254.330322265625,51.12744140625,45.81307601928711,131.13262939453125,141.45603942871094,116.34126281738281,52.73611831665039,46.779300689697266,168.21922302246094
2021-06-23,130.2120361328125,254.10044860839844,50.5692253112793,45.38298797607422,131.92703247070312,140.60012817382812,116.1751937866211,53.124656677246094,46.40205001831055,169.9935302734375
2021-06-24,129.92962646484375,255.46060180664062,51.31047058105469,45.40019226074219,133.1405029296875,141.23985290527344,116.25386810302734,53.33960723876953,46.63355255126953,172.5143585205078
2021-06-25,129.63743591308594,253.8608856201172,51.16404724121094,45.64103698730469,134.4849090576172,141.9661102294922,117.91436767578125,53.45534896850586,46.57353210449219,172.92161560058594
2021-06-28,131.26385498046875,257.40509033203125,52.60077667236328,45.555023193359375,134.72933959960938,141.8018341064453,118.26396942138672,52.09126663208008,46.522098541259766,171.1957550048828
2021-06-29,132.7734375,259.9723205566406,51.932743072509766,45.51201629638672,134.56344604492188,141.8104705810547,117.45992279052734,51.76884460449219,46.179134368896484,168.63612365722656
2021-06-30,133.38697814941406,259.4933166503906,51.3745231628418,45.58943557739258,135.78565979003906,142.42430114746094,117.92313385009766,52.149139404296875,46.39348602294922,170.42013549804688
2021-07-01,133.68887329101562,260.1638488769531,51.25556182861328,45.96791076660156,137.1300811767578,143.47906494140625,118.19404602050781,52.297943115234375,46.264862060546875,171.86476135253906
2021-07-02,136.3087158203125,265.9591064453125,51.94189453125,46.37501525878906,136.9984130859375,146.08993530273438,118.77084350585938,52.223541259765625,46.4535026550293,171.7193145751953
2021-07-06,138.3149871826172,265.9687194824219,51.32876205444336,45.88995361328125,134.6979522705078,145.21676635742188,118.84078979492188,50.735450744628906,46.1962776184082,168.40342712402344
2021-07-07,140.79844665527344,268.1430969238281,51.209800720214844,46.13248062133789,134.85598754882812,146.46168518066406,119.73221588134766,49.941802978515625,46.57353210449219,167.55992126464844
2021-07-08,139.50318908691406,265.73883056640625,50.68818664550781,46.13248062133789,132.52923583984375,146.17642211914062,119.71471405029297,49.718589782714844,46.41062545776367,167.54051208496094
2021-07-09,141.3243865966797,266.2369384765625,51.23726272583008,46.54825210571289,136.77011108398438,146.75563049316406,119.75843048095703,50.619712829589844,46.69356918334961,171.6514434814453
2021-07-12,140.73028564453125,265.64300537109375,51.9144401550293,46.10649490356445,138.7281036376953,146.522216796875,119.8545913696289,50.57011413574219,46.71071243286133,178.76806640625
2021-07-13,141.8405303955078,269.14892578125,52.04256057739258,46.18445587158203,136.6647186279297,146.34068298339844,119.70598602294922,50.33036804199219,47.17369842529297,178.0602569580078
2021-07-14,145.25897216796875,270.6145324707031,51.722267150878906,46.85139846801758,136.19937133789062,147.33489990234375,120.58869934082031,49.21430206298828,48.23686981201172,177.83726501464844
2021-07-15,144.6063995361328,269.19683837890625,51.072532653808594,46.47029113769531,136.49795532226562,145.5625762939453,121.61995697021484,48.73480987548828,48.391204833984375,178.54507446289062
2021-07-16,142.57098388671875,268.92852783203125,50.30384063720703,46.51359558105469,133.38095092773438,145.32913208007812,122.7998046875,47.387264251708984,48.356910705566406,173.8523712158203
2021-07-19,138.73374938964844,265.34613037109375,50.001853942871094,45.9592399597168,129.04347229003906,144.27442932128906,122.73865509033203,45.758636474609375,47.78245544433594,167.6859588623047
2021-07-20,142.3372344970703,267.5588073730469,50.55093002319336,46.409664154052734,131.4492950439453,145.6317596435547,122.08314514160156,46.26292419433594,47.86819839477539,171.37030029296875
2021-07-21,141.60678100585938,269.5511779785156,51.456886291503906,46.66952133178711,134.2150421142578,146.5308380126953,121.65491485595703,47.75101852416992,48.485511779785156,171.5060272216797
2021-07-22,142.97027587890625,274.0916748046875,51.209800720214844,47.24118423461914,132.52049255371094,146.9544677734375,121.18881225585938,47.213653564453125,48.41692352294922,169.7996063232422
2021-07-23,144.68435668945312,277.4730529785156,48.501068115234375,47.83884048461914,132.2657928466797,148.51931762695312,122.93895721435547,47.15578079223633,48.87992858886719,170.77886962890625
2021-07-26,145.1031494140625,276.8790588378906,49.69986343383789,48.04672622680664,133.15264892578125,148.58847045898438,123.36983489990234,48.346256256103516,48.92279815673828,173.29974365234375
2021-07-27,142.9411163330078,274.47479248046875,48.66578674316406,47.88216018676758,132.9770050048828,149.271484375,123.87114715576172,47.80888748168945,49.09426498413086,174.03659057617188
2021-07-28,141.19773864746094,274.1683044433594,48.565120697021484,47.44041061401367,133.19654846191406,148.8564453125,122.03306579589844,48.13129806518555,48.64842224121094,173.6487579345703
2021-07-29,141.8405303955078,274.4364929199219,49.14164733886719,47.700260162353516,134.3379364013672,148.8564453125,122.66631317138672,48.71826934814453,48.91421127319336,172.92161560058594
2021-07-30,142.05477905273438,272.91351318359375,49.159950256347656,47.960105895996094,133.2667236328125,148.87376403808594,125.08480072021484,47.59394073486328,48.897064208984375,170.66249084472656
2021-08-02,141.72372436523438,272.82720947265625,49.12334442138672,48.02940368652344,132.731201171875,148.93423461914062,124.7770004272461,47.60220718383789,48.76845932006836,170.2068328857422
2021-08-03,143.5156707763672,275.03033447265625,49.47108840942383,48.72234344482422,134.24139404296875,150.76712036132812,126.59749603271484,48.114768981933594,48.802757263183594,167.72471618652344
2021-08-04,143.11634826660156,274.4460754394531,49.32467269897461,48.23729705810547,132.7926483154297,149.87667846679688,125.26067352294922,46.990440368652344,48.09968948364258,167.32720947265625
2021-08-05,143.22349548339844,277.3293762207031,49.635990142822266,48.29793167114258,134.46969604492188,150.1619415283203,125.32225036621094,47.28805160522461,48.44264602661133,171.33151245117188
2021-08-06,142.54074096679688,277.27178955078125,49.663612365722656,48.15066909790039,138.2891082763672,149.66050720214844,124.36365509033203,47.83369064331055,48.56268310546875,171.73873901367188
2021-08-09,142.49192810058594,276.189453125,49.78335189819336,48.04672622680664,138.1398468017578,150.17922973632812,125.04084777832031,47.28805160522461,48.571258544921875,171.34120178222656
2021-08-10,142.01405334472656,274.3790588378906,49.682037353515625,48.167999267578125,139.8343963623047,150.23109436035156,125.1199722290039,48.098236083984375,48.69985580444336,171.68055725097656
2021-08-11,142.26760864257812,274.8675231933594,49.86624526977539,48.38454055786133,141.50270080566406,150.2570037841797,125.42778778076172,48.238773345947266,48.63984680175781,172.66949462890625
2021-08-12,145.22299194335938,277.60711669921875,49.31361770629883,48.8436164855957,142.05580139160156,151.46739196777344,125.71800994873047,48.12967300415039,48.73415756225586,173.83297729492188
2021-08-13,145.42782592773438,280.5191650390625,49.2675666809082,48.91290283203125,140.46661376953125,152.37515258789062,126.3248519897461,47.64292526245117,49.06854248046875,175.5684814453125
2021-08-16,147.3980712890625,282.1954345703125,49.249141693115234,48.748329162597656,139.54464721679688,153.7498016357422,127.20431518554688,46.94636154174805,49.28289031982422,173.6390838623047
2021-08-17,146.49098205566406,280.7393493652344,48.53070831298828,48.51445007324219,137.85887145996094,155.15896606445312,127.41533660888672,46.62746047973633,49.11141586303711,170.47830200195312
2021-08-18,142.7553253173828,279.0215148925781,48.07017517089844,47.769554138183594,136.60328674316406,153.1877899169922,126.02580261230469,45.64556121826172,48.44264602661133,169.4214630126953
2021-08-19,143.0869140625,284.8182373046875,48.30044174194336,49.60584259033203,135.4618682861328,154.38087463378906,127.51206970214844,44.252445220947266,48.751312255859375,167.97682189941406
2021-08-20,144.54025268554688,292.1025695800781,47.90439224243164,50.4287109375,135.8481903076172,155.13302612304688,127.60001373291016,44.26082992553711,48.56268310546875,169.78988647460938
2021-08-23,146.02281188964844,292.380859375,49.0280876159668,50.70588302612305,137.58665466308594,154.46331787109375,126.94921875,46.08196258544922,48.391204833984375,172.25259399414062
2021-08-24,145.93502807617188,290.4326477050781,49.56230545043945,51.381507873535156,138.43836975097656,152.5326690673828,125.92029571533203,46.4596061706543,48.022525787353516,173.03794860839844
2021-08-25,144.7060546875,289.8471984863281,49.56230545043945,51.407493591308594,141.29193115234375,151.52386474609375,125.47174072265625,46.54353332519531,48.07398223876953,172.88279724121094
2021-08-26,143.90626525878906,287.044921875,48.93598175048828,51.27756118774414,142.0207061767578,150.71507263183594,125.25186920166016,45.91411590576172,47.61955261230469,171.18606567382812
2021-08-27,144.94012451171875,287.6495056152344,49.635990142822266,51.12165069580078,143.16212463378906,150.39329528808594,125.15514373779297,46.80369567871094,47.7138671875,174.65708923339844
2021-08-30,149.3488311767578,291.36358642578125,49.682037353515625,51.2169303894043,140.87049865722656,151.02813720703125,125.70043182373047,46.29176330566406,48.16828155517578,174.50196838378906
2021-08-31,148.09059143066406,289.7225036621094,49.792564392089844,51.12165069580078,140.4402618408203,150.5672149658203,125.22552490234375,45.754661560058594,48.27975082397461,175.78179931640625
2021-09-01,148.75381469726562,289.6744689941406,49.433353424072266,51.13897705078125,140.2383270263672,151.09771728515625,126.50069427490234,45.125240325927734,48.60555648803711,177.8954315185547
2021-09-02,149.86578369140625,289.0218811035156,49.48861312866211,51.56338882446289,140.8880615234375,152.1326446533203,126.59749603271484,46.22463607788086,48.674156188964844,176.32476806640625
2021-09-03,150.49978637695312,289.0123291015625,49.28598403930664,51.46812057495117,140.03636169433594,152.22833251953125,126.68541717529297,46.04839324951172,48.63984680175781,175.49093627929688
2021-09-07,152.83090209960938,288.0909118652344,49.414939880371094,51.00038146972656,139.79051208496094,149.86277770996094,126.21049499511719,45.779842376708984,47.73101043701172,178.72927856445312
2021-09-08,151.28985595703125,288.1197204589844,49.34123992919922,50.8271484375,139.16712951660156,149.49749755859375,127.16912078857422,45.360225677490234,48.37406921386719,179.51463317871094
2021-09-09,150.27545166015625,285.2790222167969,49.18467330932617,50.75785446166992,139.77294921875,146.1666717529297,126.63261413574219,45.393798828125,47.893924713134766,180.25148010253906
2021-09-10,145.301025390625,283.80096435546875,49.589935302734375,50.14287567138672,138.1661376953125,145.2100372314453,126.75578308105469,45.301483154296875,47.6795768737793,178.51596069335938
2021-09-13,145.8667449951172,285.0294494628906,50.6491584777832,50.32476806640625,140.3612518310547,144.19248962402344,128.11891174316406,46.46800231933594,48.07398223876953,179.34979248046875
2021-09-14,144.47193908691406,287.7165832519531,50.216251373291016,50.12555694580078,137.9115447998047,143.3227996826172,127.89904022216797,45.805023193359375,48.108524322509766,176.8483428955078
2021-09-15,145.3595733642578,292.5440673828125,50.768890380859375,49.857032775878906,138.86859130859375,143.86199951171875,127.62643432617188,47.34919357299805,48.27265167236328,178.79714965820312
2021-09-16,145.1254425048828,292.9280090332031,50.50178909301758,49.65781021118164,138.80709838867188,143.68804931640625,126.73816680908203,46.845664978027344,47.81481170654297,177.75970458984375
2021-09-17,142.4627227783203,287.7934265136719,49.97677230834961,49.24204635620117,138.44712829589844,143.27931213378906,126.94042205810547,46.29176330566406,47.028690338134766,177.88575744628906
2021-09-20,139.4195098876953,282.44775390625,48.79782485961914,48.410518646240234,134.30287170410156,142.46182250976562,125.66522979736328,45.058109283447266,46.7004280090332,173.17367553710938
2021-09-21,139.8974609375,282.9276428222656,48.696502685546875,47.864837646484375,134.32041931152344,143.0880126953125,125.85868835449219,45.01614761352539,46.69178771972656,165.96011352539062
2021-09-22,142.25790405273438,286.555419921875,49.27677536010742,48.09004211425781,136.89303588867188,142.566162109375,126.28966522216797,46.3337287902832,46.76089859008789,168.36463928222656
2021-09-23,143.2137451171875,287.4959411621094,49.764930725097656,49.103458404541016,141.520263671875,143.37498474121094,126.80853271484375,47.90308380126953,46.68315505981445,170.88551330566406
2021-09-24,143.30152893066406,287.2943115234375,49.93993377685547,49.13811111450195,143.15335083007812,142.94015502929688,126.24569702148438,48.33110046386719,46.55356979370117,170.6431121826172
2021-09-27,141.7897186279297,282.3229675292969,50.34519958496094,48.69635772705078,146.61276245117188,141.90525817871094,124.58352661132812,49.766170501708984,46.31169128417969,172.83433532714844
2021-09-28,138.4149169921875,272.1017761230469,49.7373046875,48.09004211425781,145.8225555419922,141.5921630859375,123.64250183105469,50.28649139404297,45.47373962402344,169.20816040039062
2021-09-29,139.31228637695312,272.5625,49.2675666809082,48.05540084838867,145.70840454101562,142.6444854736328,124.90010070800781,50.252925872802734,45.75017166137695,167.42416381835938
2021-09-30,138.01499938964844,270.5662841796875,49.07413864135742,47.145904541015625,143.7240447998047,140.452880859375,122.94770812988281,49.36334228515625,45.32688903808594,164.02099609375
2021-10-01,139.13670349121094,277.45721435546875,49.608360290527344,47.76089096069336,146.7444610595703,139.55711364746094,122.75425720214844,51.134117126464844,45.802005767822266,170.65280151367188
2021-10-04,135.71316528320312,271.7084045410156,49.249141693115234,47.28999328613281,146.58644104003906,138.47003173828125,122.05947875976562,51.79710388183594,45.776100158691406,168.180419921875
2021-10-05,137.63461303710938,277.130859375,49.691246032714844,47.69112014770508,148.980224609375,138.78314208984375,122.53437805175781,51.71318054199219,45.853851318359375,169.29542541503906
2021-10-06,138.50270080566406,281.30560302734375,49.718875885009766,47.037109375,149.2982177734375,139.070068359375,124.17017364501953,50.764854431152344,46.398067474365234,170.13893127441406
2021-10-07,139.76089477539062,282.9755554199219,49.9030876159668,47.97890090942383,150.24339294433594,140.313720703125,125.16395568847656,50.90752029418945,46.54492950439453,172.30108642578125
2021-10-08,139.38050842285156,282.9755554199219,49.56230545043945,48.03122329711914,150.35816955566406,139.9571533203125,124.64506530761719,52.183143615722656,46.75225067138672,171.360595703125
2021-10-11,139.29273986816406,282.38055419921875,49.22150802612305,47.900413513183594,147.19593811035156,139.36578369140625,125.16395568847656,51.66282653808594,46.84728240966797,168.2386016845703
2021-10-12,138.02474975585938,281.0849304199219,48.051753997802734,47.333595275878906,146.06524658203125,137.13941955566406,124.979248046875,51.39427947998047,46.84728240966797,167.8604736328125
2021-10-13,137.43955993652344,284.3768310546875,48.134647369384766,47.630088806152344,142.2140350341797,138.45260620117188,125.26946258544922,51.25160217285156,46.85593032836914,167.69564819335938
2021-10-14,140.21932983398438,290.5574645996094,49.645198822021484,48.52827072143555,144.3958282470703,139.24404907226562,126.68541717529297,52.03208541870117,47.17555236816406,169.1015167236328
2021-10-15,141.27276611328125,291.9586181640625,50.16099166870117,48.17946243286133,147.16941833496094,140.2789306640625,127.01081848144531,52.527225494384766,47.06324768066406,171.089111328125
2021-10-18,142.94065856933594,294.9145812988281,50.17020034790039,48.12713623046875,147.1164093017578,139.25271606445312,125.1815414428711,52.50205612182617,46.59675979614258,165.9310302734375
2021-10-19,145.09619140625,295.8167419433594,50.851783752441406,48.606754302978516,148.90072631835938,142.5139923095703,123.70404815673828,53.29092025756836,46.77818298339844,165.96983337402344
2021-10-20,145.5838623046875,295.0297546386719,50.9991569519043,49.00789260864258,150.9058380126953,142.4357452392578,124.18780517578125,53.58465576171875,47.19282913208008,165.35902404785156
2021-10-21,145.79847717285156,298.2449035644531,51.57942199707031,48.56316375732422,149.72218322753906,142.10525512695312,123.29400634765625,52.61115264892578,46.950958251953125,166.1249542236328
2021-10-22,145.02793884277344,296.70928955078125,45.55567932128906,48.057376861572266,151.73614501953125,142.383544921875,124.62135314941406,52.972015380859375,47.037330627441406,164.26336669921875
2021-10-25,144.97914123535156,295.72076416015625,45.50962448120117,48.08353805541992,150.9942169189453,142.69668579101562,124.63906860351562,54.004268646240234,46.84728240966797,166.77455139160156
2021-10-26,145.64244079589844,297.6210632324219,44.46883010864258,48.66779708862305,151.40049743652344,144.14898681640625,126.40885162353516,55.25471496582031,47.05461502075195,166.80364990234375
2021-10-27,145.1840057373047,310.1550598144531,44.109619140625,48.99045181274414,148.24708557128906,142.4009552001953,125.50621795654297,53.819637298583984,47.961666107177734,164.38943481445312
2021-10-28,148.8123779296875,311.28759765625,44.28462600708008,49.04276657104492,150.48187255859375,141.626953125,126.25845336914062,53.970699310302734,48.41086959838867,164.51547241210938
2021-10-29,146.110595703125,318.2647399902344,45.13199996948242,48.80732727050781,150.0667266845703,141.6529998779297,126.53277587890625,54.10497283935547,48.695960998535156,163.92405700683594
2021-11-01,145.29129028320312,316.1053771972656,45.638587951660156,48.92068099975586,149.98721313476562,141.7747802734375,126.22303771972656,55.0784797668457,48.5231819152832,165.00997924804688
2021-11-02,146.32513427734375,319.7138977050781,45.92410659790039,50.24615478515625,150.57901000976562,144.00985717773438,127.47960662841797,54.398704528808594,48.462703704833984,164.66091918945312
2021-11-03,147.75900268554688,320.5488586425781,46.412269592285156,50.27233123779297,150.6320343017578,143.54888916015625,128.3556671142578,53.65179443359375,48.62683868408203,164.9033203125
2021-11-04,147.24208068847656,322.8906555175781,46.66083908081055,49.810142517089844,148.6533966064453,143.14889526367188,128.59458923339844,54.054630279541016,48.89463424682617,165.0972442626953
2021-11-05,147.76947021484375,322.52587890625,47.226585388183594,49.76655197143555,148.44137573242188,142.13136291503906,129.23170471191406,54.56654357910156,49.101959228515625,170.28439331054688
2021-11-08,146.94895935058594,323.4184265136719,47.81089401245117,49.705509185791016,149.33352661132812,141.64434814453125,128.2671661376953,55.15401077270508,48.66139221191406,171.4866485595703
2021-11-09,147.31044006347656,322.4203796386719,47.48627853393555,50.089202880859375,148.2029266357422,141.33123779296875,128.65647888183594,55.69111633300781,48.79961395263672,169.7801971435547
2021-11-10,144.48745727539062,317.4777526855469,47.07819747924805,50.3769645690918,148.0615692138672,142.86187744140625,129.9219512939453,54.593971252441406,48.998294830322266,169.14028930664062
2021-11-11,144.43861389160156,319.042236328125,46.864871978759766,49.49622344970703,148.0527801513672,141.8095703125,129.55029296875,54.696022033691406,49.01558303833008,157.1759033203125
2021-11-12,146.5094451904297,323.15936279296875,46.66083908081055,49.548545837402344,147.3902587890625,143.5054168701172,129.69189453125,54.27927780151367,48.90328598022461,154.77137756347656
2021-11-15,146.51919555664062,322.5355529785156,46.670101165771484,49.940956115722656,147.12525939941406,142.2096405029297,130.43516540527344,54.74706268310547,48.91191101074219,153.60789489746094
2021-11-16,147.49595642089844,325.8370361328125,46.9390754699707,49.705509185791016,146.06524658203125,141.47039794921875,130.24935913085938,55.29987716674805,48.56636428833008,153.9957275390625
2021-11-17,149.92822265625,326.0581359863281,46.58662796020508,49.49622344970703,145.27914428710938,142.0009002685547,130.16973876953125,54.696022033691406,48.2985725402832,152.5413818359375
2021-11-18,154.20657348632812,328.1253662109375,46.0765266418457,46.76677703857422,144.02481079101562,141.23556518554688,130.1874237060547,54.100677490234375,47.866641998291016,150.84463500976562
2021-11-19,156.82440185546875,329.89447021484375,45.928138732910156,46.43540954589844,142.1433563232422,141.66171264648438,129.9219512939453,51.60017395019531,47.624759674072266,149.31272888183594
2021-11-22,157.28347778320312,326.74078369140625,46.21564865112305,47.61265182495117,145.17312622070312,139.79718017578125,130.7891082763672,52.314605712890625,47.91847229003906,149.46786499023438
2021-11-23,157.6644287109375,324.6736145019531,45.538597106933594,48.22306442260742,148.64454650878906,140.66383361816406,132.24041748046875,53.69243621826172,48.27265167236328,146.43312072753906
2021-11-24,158.1821746826172,324.894775390625,46.150726318359375,48.432350158691406,147.4785919189453,140.2698974609375,131.55015563964844,53.990108489990234,47.8839225769043,146.7336883544922
2021-11-26,153.171142578125,316.9817810058594,45.2418098449707,47.67369079589844,143.0354766845703,139.35951232910156,130.49713134765625,52.093475341796875,46.41535568237305,143.6020050048828
2021-11-29,156.52159118652344,323.6640625,46.373313903808594,48.624210357666016,142.41714477539062,139.84095764160156,131.8687286376953,52.382652282714844,47.14963912963867,143.31112670898438
2021-11-30,161.4641571044922,317.85675048828125,45.631351470947266,47.821937561035156,140.29721069335938,136.4969940185547,127.93973541259766,50.894264221191406,45.66096878051758,140.48968505859375
2021-12-01,160.9464569091797,317.36627197265625,45.074859619140625,47.987613677978516,139.4668731689453,138.37905883789062,129.55029296875,50.85173797607422,45.530391693115234,137.8234100341797
2021-12-02,159.9598846435547,316.799072265625,45.909584045410156,48.96428680419922,142.3995361328125,137.512451171875,130.311279296875,52.118988037109375,46.200721740722656,142.71969604492188
2021-12-03,158.0844268798828,310.5686950683594,45.67771911621094,49.03404998779297,139.82020568847656,139.51707458496094,132.62973022460938,51.78729248046875,46.60988998413086,141.76954650878906
2021-12-06,161.48373413085938,313.6262512207031,47.29151153564453,49.67062759399414,141.4720458984375,142.6333770751953,134.6384735107422,52.3741455078125,47.80255889892578,145.79322814941406
2021-12-07,167.20770263671875,322.0199890136719,48.75690841674805,50.64730453491211,143.600830078125,143.0010223388672,134.28453063964844,52.96099090576172,48.06373596191406,146.21983337402344
2021-12-08,171.0172119140625,322.0680236816406,47.99638748168945,49.72295379638672,141.95782470703125,143.85891723632812,134.88626098632812,53.114078521728516,47.880916595458984,148.67282104492188
2021-12-09,170.50927734375,320.2700500488281,46.8184928894043,50.18511962890625,141.73703002929688,145.22447204589844,135.67384338378906,53.25016784667969,47.759033203125,148.2849884033203
2021-12-10,175.28579711914062,329.3464050292969,46.920528411865234,51.667572021484375,141.17173767089844,144.86561584472656,137.56752014160156,53.59036636352539,48.99523162841797,148.06199645996094
2021-12-13,171.66189575195312,326.3273010253906,46.373313903808594,51.109466552734375,139.49337768554688,147.45664978027344,139.52322387695312,52.41667175292969,50.28366470336914,145.85137939453125
2021-12-14,170.28463745117188,315.693359375,46.0950813293457,50.3769645690918,140.5622100830078,149.0673828125,140.0364227294922,52.340126037597656,50.3184814453125,144.56187438964844
2021-12-15,175.13929748535156,321.76031494140625,46.99471664428711,52.26054382324219,139.51109313964844,149.81146240234375,140.5762939453125,52.110496520996094,50.544837951660156,145.82229614257812
2021-12-16,168.26266479492188,312.3858642578125,47.14311218261719,52.591922760009766,141.69285583496094,151.44837951660156,142.56724548339844,52.19553756713867,51.05845642089844,144.22251892089844
2021-12-17,167.16864013671875,311.3282470703125,46.94834899902344,52.72272872924805,138.4687957763672,147.26414489746094,139.33734130859375,51.05585861206055,50.257545471191406,144.2322235107422
2021-12-20,165.81092834472656,307.58807373046875,46.00233459472656,52.63552474975586,135.977783203125,146.8439483642578,139.6913299560547,50.31592559814453,50.09214782714844,142.0119171142578
2021-12-21,168.97567749023438,314.68377685546875,47.08747100830078,53.21977996826172,137.87693786621094,146.37124633789062,139.60279846191406,51.455596923828125,50.29236602783203,146.45249938964844
2021-12-22,171.564208984375,320.3661193847656,47.27295684814453,53.65578842163086,138.41574096679688,147.00152587890625,140.9832763671875,51.872344970703125,50.6492919921875,147.2572479248047
2021-12-23,172.18936157226562,321.79876708984375,47.58830261230469,54.30980682373047,138.910400390625,147.28163146972656,141.67352294921875,51.89786148071289,50.68412399291992,148.95399475097656
2021-12-27,176.14537048339844,329.25994873046875,48.172603607177734,55.30392074584961,139.70541381835938,148.524658203125,143.32826232910156,52.63780212402344,51.05845642089844,148.14926147460938
2021-12-28,175.12954711914062,328.10614013671875,48.00566101074219,55.399845123291016,140.12939453125,149.11996459960938,144.09812927246094,52.46769714355469,51.25868606567383,150.47622680664062
2021-12-29,175.21742248535156,328.77911376953125,48.07058334350586,55.77481460571289,140.05874633789062,150.17034912109375,145.29275512695312,52.0084342956543,51.31962203979492,150.15625
2021-12-30,174.06478881835938,326.25048828125,47.98711013793945,55.47832107543945,139.98805236816406,150.83567810058594,144.03622436523438,51.70225524902344,51.17163848876953,151.18397521972656
2021-12-31,173.44940185546875,323.3659973144531,47.7645149230957,55.26031494140625,139.8732452392578,149.7501678466797,144.75299072265625,52.04244613647461,51.54597854614258,150.17562866210938
2022-01-03,177.78636169433594,321.8565368652344,49.350494384765625,55.077186584472656,142.83233642578125,150.16160583496094,144.1512451171875,54.0411376953125,51.624332427978516,151.98870849609375
2022-01-04,175.530029296875,316.3375549316406,49.28556442260742,53.726356506347656,148.24708557128906,149.75892639160156,144.65567016601562,56.07384490966797,52.486183166503906,150.9900665283203
2022-01-05,170.86094665527344,304.19403076171875,49.962615966796875,52.87550735473633,145.5367889404297,150.75685119628906,145.31048583984375,56.7712516784668,52.92145919799805,150.46652221679688
2022-01-06,168.00869750976562,301.7903747558594,50.09246063232422,53.436893463134766,147.0830078125,150.24037170410156,144.0893096923828,58.1065559387207,52.64288330078125,152.1244659423828
2022-01-07,168.17474365234375,301.9441833496094,49.56379699707031,53.62110137939453,148.540283203125,152.271240234375,144.0096435546875,58.58282470703125,52.5210075378418,153.02615356445312
2022-01-10,168.19432067871094,302.1652526855469,51.20541763305664,54.22633743286133,148.68252563476562,151.51841735839844,142.04518127441406,58.234127044677734,52.60805892944336,151.8336181640625
2022-01-11,171.0172119140625,302.8479309082031,51.854644775390625,54.70878219604492,148.83355712890625,149.9077606201172,140.39923095703125,60.68357849121094,52.62546920776367,153.0843048095703
2022-01-12,171.456787109375,306.0111389160156,51.69697952270508,54.48949432373047,149.6776885986328,148.6297149658203,140.7089385986328,60.504981994628906,52.70381546020508,152.9970703125
2022-01-13,168.19432067871094,293.0599670410156,50.95500564575195,53.94565200805664,149.49111938476562,147.72804260253906,140.07179260253906,60.07121658325195,53.017234802246094,150.70889282226562
2022-01-14,169.0538330078125,298.2521057128906,51.65987777709961,53.822853088378906,140.3029022216797,146.9227294921875,141.41688537597656,61.1258430480957,53.443790435791016,147.3154296875
2022-01-18,165.8597412109375,290.9928894042969,50.78805923461914,52.39307403564453,134.42030334472656,146.27496337890625,138.69131469726562,62.15495681762695,53.017234802246094,147.6353759765625
2022-01-19,162.37255859375,291.6466064453125,49.73073959350586,51.66501998901367,132.34092712402344,145.8197784423828,143.3548583984375,62.180477142333984,53.104278564453125,145.54112243652344
2022-01-20,160.69248962402344,289.9832763671875,48.26534652709961,50.945743560791016,131.21240234375,144.65550231933594,144.12887573242188,62.31656265258789,52.88663864135742,143.1269073486328
2022-01-21,158.6412353515625,284.62786865234375,48.26534652709961,49.717708587646484,128.91976928710938,144.32286071777344,144.6804656982422,61.38098907470703,52.62546920776367,133.19859313964844
2022-01-24,157.86952209472656,284.9547424316406,48.172603607177734,49.91069793701172,128.8042755126953,142.65963745117188,143.50608825683594,61.90830612182617,52.19889831542969,133.2761688232422
2022-01-25,156.07225036621094,277.37823486328125,47.300785064697266,49.21773147583008,130.20826721191406,146.73887634277344,141.94024658203125,63.728397369384766,52.0770149230957,132.3550567626953
2022-01-26,155.98435974121094,285.2816162109375,47.940731048583984,48.533538818359375,131.44345092773438,147.39544677734375,140.70358276367188,63.082008361816406,51.885498046875,129.5336456298828
2022-01-27,155.52523803710938,288.2911682128906,44.56475830078125,47.91075134277344,129.12416076660156,149.33001708984375,141.575439453125,63.889991760253906,51.92902374267578,131.29823303222656
2022-01-28,166.37741088867188,296.38677978515625,44.26797103881836,48.77915573120117,130.2793731689453,150.38043212890625,142.79432678222656,64.02607727050781,52.96498489379883,134.41055297851562
2022-01-31,170.7241973876953,299.001953125,45.27891159057617,48.83176803588867,132.04769897460938,150.81809997558594,142.7498321533203,64.60442352294922,53.11298751831055,138.61843872070312
2022-02-01,170.55812072753906,296.86749267578125,45.399478912353516,48.56862258911133,134.31361389160156,149.5838623046875,142.11817932128906,68.74638366699219,52.72123336791992,140.09219360351562
2022-02-02,171.75955200195312,301.386474609375,45.918861389160156,49.27035140991211,133.2384490966797,151.23831176757812,144.66265869140625,68.56778717041016,53.2609748840332,138.27911376953125
2022-02-03,168.88778686523438,289.6468200683594,44.778072357177734,48.41950988769531,132.1365203857422,151.22955322265625,146.03277587890625,67.76829528808594,53.63531494140625,135.76791381835938
2022-02-04,168.6041717529297,294.1560974121094,44.86685562133789,48.375648498535156,135.5666046142578,150.24037170410156,143.71067810058594,69.23967742919922,53.0694580078125,137.69737243652344
2022-02-07,167.89019775390625,289.3583679199219,45.02573013305664,48.39319610595703,136.01980590820312,149.7414093017578,142.63421630859375,70.07317352294922,53.62661361694336,138.1724395751953
2022-02-08,170.99058532714844,292.8293151855469,45.614479064941406,48.54231262207031,138.57899475097656,150.1353302001953,142.3138885498047,68.2615966796875,53.9748420715332,138.1433563232422
2022-02-09,172.4087371826172,299.22314453125,46.64247131347656,49.37561798095703,139.15658569335938,150.11782836914062,141.9936065673828,67.93482971191406,53.139095306396484,142.74879455566406
2022-02-10,168.34007263183594,290.7332763671875,45.66120910644531,48.130043029785156,138.57899475097656,148.30584716796875,139.8316650390625,67.28125762939453,53.435096740722656,147.5287322998047
2022-02-11,164.93653869628906,283.6759948730469,44.51173400878906,47.279197692871094,136.7751007080078,146.80892944335938,139.04873657226562,68.97532653808594,52.486183166503906,144.9206085205078
2022-02-14,165.17124938964844,283.6375427246094,44.46500778198242,46.64763641357422,135.50437927246094,144.96189880371094,139.44912719726562,67.9176254272461,52.82569885253906,146.25860595703125
2022-02-15,168.995361328125,288.8968811035156,45.26870346069336,47.60374450683594,137.48599243164062,146.45877075195312,139.52029418945312,67.06626892089844,53.02592849731445,150.0108184814453
2022-02-16,168.7606658935547,288.5596618652344,45.072452545166016,47.586204528808594,137.7348175048828,146.37124633789062,140.5790252685547,67.37586212158203,53.017234802246094,151.59121704101562
2022-02-17,165.17124938964844,280.1099548339844,44.455665588378906,48.91948699951172,134.5624542236328,145.47837829589844,142.18934631347656,67.27267456054688,54.079307556152344,148.29466247558594
2022-02-18,163.62596130371094,277.4122619628906,42.0912971496582,50.1826057434082,135.1934051513672,143.9189910888672,142.260498046875,66.52452850341797,54.4449462890625,146.7530975341797
2022-02-22,160.71139526367188,277.20989990234375,41.76420593261719,49.38438415527344,134.9534149169922,141.9631805419922,140.50782775878906,65.75060272216797,54.21860122680664,143.58261108398438
2022-02-23,156.55474853515625,270.0320739746094,41.726837158203125,47.752864837646484,132.12765502929688,142.03367614746094,138.755126953125,66.01715087890625,53.61791229248047,141.43020629882812
2022-02-24,159.16607666015625,283.8289489746094,43.66130447387695,48.007240295410156,128.4488067626953,139.3201904296875,135.0184783935547,65.18303680419922,52.67770767211914,144.85272216796875
2022-02-25,161.22975158691406,286.4495849609375,44.58649444580078,49.156333923339844,131.48785400390625,146.2447967529297,140.7836456298828,66.93727111816406,54.71480941772461,144.97879028320312
2022-02-28,161.49378967285156,287.87554931640625,44.577152252197266,48.91948699951172,126.00513458251953,144.9849853515625,138.69285583496094,67.43605041503906,54.18377685546875,143.9413604736328
2022-03-01,159.61599731445312,284.1759338378906,43.7547607421875,47.91075134277344,121.25104522705078,144.48284912109375,136.39752197265625,68.08100891113281,53.948726654052734,141.26535034179688
2022-03-02,162.9022216796875,289.22442626953125,45.670555114746094,49.252811431884766,123.76583099365234,146.28004455566406,136.8245086669922,69.25051879882812,54.349185943603516,142.85543823242188
2022-03-03,162.5794219970703,285.1103820800781,44.79209899902344,49.18263626098633,122.88607025146484,148.42965698242188,137.33164978027344,69.68907928466797,54.38400650024414,141.1393280029297
2022-03-04,159.58663940429688,279.271728515625,44.92293167114258,49.56859588623047,119.42938232421875,149.31063842773438,138.02557373046875,72.31187438964844,54.47106170654297,136.43692016601562
2022-03-07,155.8016357421875,268.72174072265625,44.5584602355957,48.76160430908203,114.81752014160156,151.71580505371094,135.97933959960938,74.9175033569336,53.17393112182617,129.43667602539062
2022-03-08,153.98251342773438,265.7735290527344,44.3902473449707,47.717777252197266,114.00888061523438,148.64112854003906,130.5967254638672,75.48503875732422,51.06715774536133,127.73995208740234
2022-03-09,159.3714599609375,277.96142578125,44.51173400878906,49.05107116699219,118.5763168334961,149.20497131347656,132.3583221435547,71.19397735595703,51.32833480834961,129.5821075439453
2022-03-10,155.0387420654297,275.1577453613281,43.60523986816406,47.98970031738281,117.17232513427734,149.46926879882812,128.95083618164062,73.40400695800781,50.388126373291016,129.57241821289062
2022-03-11,151.33197021484375,269.8393859863281,42.829586029052734,47.97214889526367,114.53314971923828,149.19613647460938,127.42059326171875,73.02564239501953,50.42294692993164,127.73995208740234
2022-03-14,147.31224060058594,266.3420104980469,41.49319839477539,47.63006591796875,115.67057800292969,151.25767517089844,129.0487060546875,70.41143798828125,51.35280990600586,125.10274505615234
2022-03-15,151.68408203125,276.6607971191406,41.8763542175293,48.77037048339844,117.72325897216797,155.1781005859375,133.69287109375,66.40413665771484,52.30021286010742,130.11537170410156
2022-03-16,156.08526611328125,283.6363220214844,43.57720184326172,48.95458221435547,122.98384094238281,153.7508544921875,133.2391357421875,66.15473937988281,52.159847259521484,133.93545532226562
2022-03-17,157.0926513671875,284.43597412109375,44.05381393432617,49.27035140991211,124.5389175415039,155.75953674316406,133.6572723388672,67.9176254272461,52.7125129699707,135.2249755859375
2022-03-18,160.37887573242188,289.4556579589844,44.34352493286133,49.09492874145508,124.49449157714844,154.03277587890625,133.58609008789062,67.65104675292969,52.72127914428711,136.0297088623047
2022-03-21,161.74813842773438,288.2319641113281,44.287445068359375,49.121238708496094,124.09461212158203,154.9049530029297,134.0932159423828,70.68659973144531,53.14234924316406,134.4008331298828
2022-03-22,165.112548828125,292.95306396484375,45.22197723388672,49.27035140991211,126.73382568359375,154.17376708984375,135.12527465820312,70.37701416015625,53.3353385925293,135.8455047607422
2022-03-23,166.4720458984375,288.5499572753906,45.109840393066406,47.7879524230957,124.21013641357422,153.5923309326172,134.1822052001953,71.48634338378906,52.98445510864258,133.45068359375
2022-03-24,170.24728393554688,292.9915771484375,48.240516662597656,47.80549621582031,125.0187759399414,154.38522338867188,134.4134979248047,71.70132446289062,53.49323654174805,134.7305145263672
2022-03-25,170.8829803466797,292.5869445800781,48.436767578125,48.21775817871094,126.11174774169922,155.86526489257812,135.97047424316406,73.26641082763672,53.975711822509766,134.90501403808594
2022-03-28,171.74368286132812,299.3505554199219,48.13771438598633,48.36687469482422,125.17872619628906,156.6669464111328,136.90460205078125,71.21116638183594,54.31782913208008,134.49781799316406
2022-03-29,175.02992248535156,303.8884582519531,48.82927322387695,48.83176803588867,125.45417022705078,156.5876922607422,138.31033325195312,70.83279418945312,54.52836227416992,138.04641723632812
2022-03-30,173.8660125732422,302.3950500488281,48.06295394897461,49.16510009765625,124.88545227050781,158.2174835205078,137.35833740234375,72.0453109741211,54.572227478027344,136.6696319580078
2022-03-31,170.7754364013672,297.04779052734375,46.31538009643555,48.910728454589844,121.13554382324219,156.13836669921875,135.94375610351562,71.02196502685547,54.388004302978516,132.98529052734375
2022-04-01,170.48202514648438,298.1173095703125,44.96030807495117,48.822998046875,120.23802947998047,156.98410034179688,137.9811248779297,71.47774505615234,55.151187896728516,132.83013916015625
2022-04-04,174.5212860107422,303.4645690917969,45.97895812988281,49.007205963134766,120.7712173461914,155.46884155273438,137.08251953125,71.51215362548828,54.86170959472656,134.36207580566406
2022-04-05,171.2155303955078,299.52392578125,44.979000091552734,48.50380325317383,119.36573791503906,156.47312927246094,137.56298828125,71.14237213134766,54.8003044128418,131.4921417236328
2022-04-06,168.0564727783203,288.5596618652344,44.42762756347656,48.0180549621582,117.70963287353516,160.54330444335938,139.5291748046875,71.93352508544922,55.35295867919922,128.5349884033203
2022-04-07,168.35964965820312,290.361328125,44.44632339477539,48.2476806640625,117.35155487060547,160.12925720214844,141.33531188964844,73.13743591308594,55.65121841430664,127.85629272460938
2022-04-08,166.35467529296875,286.1220703125,43.94166564941406,47.938568115234375,119.5000228881836,160.4464111328125,142.43846130371094,74.67669677734375,55.99333953857422,127.85629272460938
2022-04-11,162.1099853515625,274.8398132324219,43.5211296081543,46.7021369934082,119.06137084960938,158.4377899169922,141.895751953125,72.1054916381836,55.97578811645508,126.67340850830078
2022-04-12,163.97805786132812,271.7566833496094,43.455711364746094,45.765968322753906,117.7543716430664,158.4906463623047,141.4687042236328,73.61038208007812,56.63370895385742,126.8576431274414
2022-04-13,166.65789794921875,277.11358642578125,43.93233108520508,46.05742263793945,113.95874786376953,159.16015625,141.8690643310547,74.65089416503906,56.78284454345703,128.32168579101562
2022-04-14,161.6600799560547,269.60809326171875,42.6800537109375,45.19190979003906,112.90240478515625,158.4906463623047,141.07725524902344,75.52803802490234,57.0372314453125,126.49890899658203
2022-04-18,161.4449005126953,270.27288818359375,43.586551666259766,45.138916015625,114.99717712402344,156.51719665527344,139.73377990722656,76.1471939086914,56.5284538269043,123.8810806274414
2022-04-19,163.7237548828125,274.8783264160156,44.79209899902344,45.774803161621094,117.37840270996094,161.2921905517578,141.8245849609375,75.46784210205078,57.08109664916992,127.88538360595703
2022-04-20,163.5574493408203,275.8996276855469,44.96030807495117,46.825775146484375,117.79020690917969,162.00579833984375,145.5968017578125,75.63983154296875,57.86182403564453,120.77848052978516
2022-04-21,162.76528930664062,270.5523681640625,44.3902473449707,46.61381530761719,116.87708282470703,161.53884887695312,145.4832000732422,74.840087890625,58.08113098144531,117.9570541381836
2022-04-22,158.2369384765625,264.02001953125,43.49309539794922,45.35971450805664,113.52008819580078,159.9354248046875,144.26644897460938,73.20622253417969,57.238990783691406,114.67023468017578
2022-04-25,159.3030242919922,270.4656066894531,43.97905731201172,45.871952056884766,113.48426818847656,163.8734588623047,145.42953491210938,70.73822021484375,57.84428024291992,116.29910278320312
2022-04-26,153.3565673828125,260.3491516113281,42.539878845214844,44.953453063964844,110.12728881835938,162.70175170898438,142.96022033691406,70.76399230957031,57.06355285644531,112.24633026123047
2022-04-27,153.131591796875,272.8742980957031,42.25951385498047,43.5492057800293,108.69497680664062,160.42880249023438,142.57550048828125,72.78484344482422,57.510929107666016,111.70337677001953
2022-04-28,160.04632568359375,279.0502014160156,43.773460388183594,44.714988708496094,110.41376495361328,161.626953125,146.1989288330078,74.98626708984375,58.0635871887207,111.78093719482422
2022-04-29,154.18788146972656,267.38250732421875,40.736228942871094,43.25775909423828,106.85086822509766,158.98397827148438,143.64016723632812,73.30940246582031,56.67757034301758,108.23233795166016
2022-05-02,154.4910888671875,274.07867431640625,42.01653289794922,44.034942626953125,107.82662963867188,157.3805694580078,141.69871520996094,74.30694580078125,55.65121841430664,110.04541778564453
2022-05-03,155.97767639160156,271.4869079589844,42.109989166259766,44.08793640136719,110.13623809814453,157.0722198486328,139.75729370117188,75.83759307861328,55.33540725708008,110.09390258789062
2022-05-04,162.37405395507812,279.3873596191406,43.49309539794922,45.554012298583984,113.77969360351562,158.7549285888672,140.78614807128906,78.85598754882812,57.04600143432617,112.6535415649414
2022-05-05,153.3271942138672,267.2187194824219,42.009578704833984,43.81415557861328,110.93299102783203,155.7243194580078,138.1916046142578,77.66067504882812,56.58983612060547,109.18250274658203
2022-05-06,154.05201721191406,264.6944580078125,41.726993560791016,43.56686782836914,110.7539291381836,155.3806915283203,139.5693817138672,78.84737396240234,56.79160690307617,106.9331283569336
2022-05-09,148.93911743164062,254.91517639160156,40.56843948364258,43.24009323120117,109.0888671875,156.22645568847656,139.22048950195312,72.63006591796875,56.67757034301758,103.723876953125
2022-05-10,151.33883666992188,259.655517578125,41.4538459777832,43.761165618896484,106.43012237548828,156.01499938964844,138.48681640625,73.11161041259766,56.15122604370117,104.4025650024414
2022-05-11,143.49322509765625,251.0323944091797,40.342384338378906,42.966312408447266,105.75873565673828,155.16929626464844,136.5364532470703,74.63370513916016,56.414405822753906,102.00774383544922
2022-05-12,139.63412475585938,246.02235412597656,40.3517951965332,42.648372650146484,105.66921997070312,156.70217895507812,135.9817657470703,74.97251892089844,56.58983612060547,101.13512420654297
2022-05-13,144.09075927734375,251.58163452148438,41.067649841308594,43.77000045776367,106.6091537475586,155.80361938476562,137.44007873535156,77.19649505615234,57.65128707885742,104.06321716308594
2022-05-16,142.55294799804688,251.9477081298828,40.577857971191406,43.275421142578125,105.86615753173828,156.88720703125,138.78207397460938,79.01216888427734,57.86182403564453,101.9786605834961
2022-05-17,146.17703247070312,257.0733947753906,41.821189880371094,44.68849182128906,109.37532806396484,157.5391387939453,138.388427734375,80.0199203491211,57.70391845703125,105.33333587646484
2022-05-18,137.9298095703125,245.3689422607422,39.890254974365234,42.71018600463867,107.50435638427734,154.6142120361328,129.7637481689453,78.75154876708984,53.68622970581055,101.12544250488281
2022-05-19,134.5310516357422,244.46116638183594,39.56999969482422,36.8459358215332,105.9109115600586,153.23988342285156,126.77554321289062,79.17723083496094,52.63355255126953,100.0007553100586
2022-05-20,134.76612854003906,243.90101623535156,39.23091125488281,37.92340087890625,105.0425796508789,155.91807556152344,126.8560791015625,79.80272674560547,53.49323654174805,99.30265808105469
2022-05-23,140.1728057861328,251.71363830566406,39.56059265136719,38.285499572753906,111.54170227050781,159.10118103027344,129.772705078125,81.5662612915039,55.14242172241211,102.60887145996094
2022-05-24,137.47926330566406,250.718994140625,39.249752044677734,38.65644073486328,113.11727142333984,160.8390655517578,132.0809783935547,82.00933837890625,56.16000747680664,98.49791717529297
2022-05-25,137.63600158691406,253.51954650878906,39.748966217041016,38.859561920166016,113.90503692626953,159.2607879638672,129.9158935546875,83.65995788574219,56.20387268066406,100.11709594726562
2022-05-26,140.8291015625,256.7835998535156,40.95462417602539,39.73390197753906,115.87448120117188,159.1189422607422,131.0520782470703,83.955322265625,56.405635833740234,102.39556884765625
2022-05-27,146.56881713867188,263.8719787597656,41.96248245239258,40.290287017822266,117.51268005371094,160.5641632080078,133.05616760253906,84.78060913085938,56.738975524902344,105.99263763427734
2022-05-31,145.78521728515625,262.5489807128906,41.840030670166016,39.786895751953125,118.37206268310547,159.1809844970703,132.3046417236328,83.3993148803711,55.598575592041016,107.07856750488281
2022-06-01,145.6579132080078,263.08013916015625,41.548030853271484,39.945858001708984,116.29522705078125,157.56729125976562,130.30052185058594,84.99779510498047,55.32664489746094,105.86660766601562
2022-06-02,148.10659790039062,265.1661071777344,42.23563766479492,40.44043731689453,118.16618347167969,157.0707550048828,131.70523071289062,84.8501205444336,55.90561294555664,107.49547576904297
2022-06-03,142.39622497558594,260.762451171875,40.869850158691406,39.96352767944336,116.5190200805664,156.42349243164062,130.5242156982422,86.08373260498047,55.23891830444336,105.3624267578125
2022-06-06,143.14064025878906,259.5359191894531,40.82276153564453,40.0341911315918,116.13408660888672,156.40577697753906,130.01426696777344,85.86654663085938,55.151187896728516,104.5479965209961
2022-06-07,145.6579132080078,263.15740966796875,41.00172424316406,40.24613952636719,116.43843841552734,158.12588500976562,131.463623046875,89.80194854736328,55.48455047607422,104.50921630859375
2022-06-08,144.92327880859375,261.1390380859375,38.835304260253906,39.67208480834961,114.58538055419922,157.18605041503906,129.8263702392578,90.86180877685547,55.16874313354492,104.0728988647461
2022-06-09,139.7124786376953,255.7117156982422,37.686161041259766,39.08918762207031,112.17728424072266,154.02072143554688,127.4823226928711,88.89846801757812,54.21257400512695,100.15587615966797
2022-06-10,134.31556701660156,244.3162841796875,36.90437316894531,38.40914535522461,107.02096557617188,152.99217224121094,126.99917602539062,87.2739028930664,53.870452880859375,96.37458038330078
2022-06-13,129.17333984375,233.95413208007812,35.57627487182617,38.18836212158203,103.83406066894531,151.4493865966797,123.59943389892578,83.26900482177734,53.80903625488281,92.7968978881836
2022-06-14,130.03524780273438,236.10769653320312,35.72697830200195,37.89691162109375,102.10630798339844,149.12632751464844,119.74339294433594,83.48619842529297,52.33348846435547,91.35223388671875
2022-06-15,132.65045166015625,243.12844848632812,36.405155181884766,38.682926177978516,103.31484985351562,150.7223358154297,118.553466796875,82.43500518798828,52.722251892089844,92.96172332763672
2022-06-16,127.39067840576172,236.57127380371094,35.17124938964844,38.25900650024414,101.54234313964844,150.80215454101562,119.27816009521484,79.3944091796875,52.19211959838867,91.41041564941406
2022-06-17,128.85987854003906,239.1593780517578,34.82273864746094,38.32084274291992,101.18427276611328,150.2523956298828,118.41926574707031,74.81614685058594,52.51019287109375,91.46858978271484
2022-06-21,133.08140563964844,245.04058837890625,35.53858947753906,38.98320770263672,103.69084167480469,153.39999389648438,122.00688934326172,79.47261047363281,53.63232421875,90.4505615234375
2022-06-22,132.57208251953125,244.4514923095703,35.20892333984375,38.47980499267578,103.10894775390625,155.82058715820312,123.91256713867188,76.3277587890625,54.02992630004883,90.6541519165039
2022-06-23,135.43214416503906,249.9850311279297,35.2371826171875,37.914573669433594,101.98100280761719,159.29627990722656,127.31232452392578,74.02558898925781,54.67494201660156,91.4298095703125
2022-06-24,138.75259399414062,258.5220642089844,36.36748504638672,38.9478874206543,105.024658203125,161.628173828125,129.1464385986328,75.49376678466797,55.69987106323242,94.80389404296875
2022-06-27,138.75259399414062,255.80831909179688,36.386329650878906,38.65644073486328,104.18316650390625,161.47740173339844,128.1623077392578,77.34416198730469,55.58500671386719,93.66950225830078
2022-06-28,134.61920166015625,247.68661499023438,35.58568572998047,38.02938461303711,103.68187713623047,156.8845672607422,126.07769775390625,79.4899673461914,55.028350830078125,93.00050354003906
2022-06-29,136.37242126464844,251.3370361328125,35.124149322509766,37.87041091918945,103.21636962890625,156.9289093017578,127.22284698486328,76.55363464355469,55.425968170166016,92.73872375488281
2022-06-30,133.9139862060547,248.02459716796875,35.2371826171875,37.658443450927734,100.80828094482422,157.38995361328125,128.6453857421875,74.39916229248047,55.58500671386719,91.52676391601562
2022-07-01,136.07864379882812,250.68035888671875,34.22932815551758,37.62312316894531,102.09737396240234,159.17213439941406,130.72105407714844,76.05844116210938,56.88384246826172,93.21379852294922
2022-07-05,138.65464782714844,253.83824157714844,34.558998107910156,37.391422271728516,101.70902252197266,157.94854736328125,129.45956420898438,73.67808532714844,55.911922454833984,94.22215270996094
2022-07-06,139.98672485351562,257.08306884765625,34.84157180786133,38.04194641113281,101.04974365234375,158.0904541015625,130.66737365722656,72.34890747070312,56.02678680419922,93.15563201904297
2022-07-07,143.34634399414062,259.197998046875,35.924781799316406,38.514244079589844,103.6055679321289,158.26771545410156,130.62265014648438,74.6597671508789,55.58500671386719,94.46453857421875
2022-07-08,144.0221710205078,258.4833068847656,35.78349304199219,38.66574478149414,103.28044891357422,158.0726776123047,129.74586486816406,74.7813949584961,55.78822326660156,92.94232940673828
2022-07-11,141.8966827392578,255.44137573242188,35.03937911987305,38.540977478027344,101.92578125,158.13473510742188,130.65841674804688,74.39916229248047,55.61151885986328,90.7898941040039
2022-07-12,142.86639404296875,244.97299194335938,35.04879379272461,38.193443298339844,102.02511596679688,155.91810607910156,129.5042724609375,73.40876770019531,55.37295150756836,90.75111389160156
2022-07-13,142.50399780273438,244.05557250976562,35.04879379272461,38.050872802734375,101.06781005859375,155.55458068847656,130.35423278808594,73.70414733886719,55.11671829223633,90.1112060546875
2022-07-14,145.42283630371094,245.3689422607422,35.51975631713867,37.72114562988281,97.53661346435547,155.7673797607422,129.96949768066406,72.22727966308594,54.93999481201172,89.04468536376953
2022-07-15,147.08792114257812,247.9183807373047,36.376895904541016,38.380577087402344,102.00704956054688,158.02835083007812,129.7906036376953,73.44354248046875,55.222740173339844,92.30241394042969
2022-07-18,144.05157470703125,245.5330810546875,36.461669921875,37.96175003051758,100.9594497680664,154.48171997070312,128.21595764160156,74.79874420166016,54.47172164916992,92.78720092773438
2022-07-19,147.90089416503906,250.632080078125,37.88397216796875,39.236053466796875,103.46106719970703,152.22964477539062,128.8690643310547,76.68392944335938,55.24924087524414,96.57819366455078
2022-07-20,149.8990020751953,253.2781219482422,38.2042236328125,39.325157165527344,103.44300079345703,151.36073303222656,126.64137268066406,77.52660369873047,54.33917236328125,100.20435333251953
2022-07-21,152.16159057617188,255.760009765625,38.25131607055664,39.726173400878906,104.14744567871094,151.89266967773438,126.76110076904297,76.23218536376953,54.21548080444336,101.00908660888672
2022-07-22,150.92747497558594,251.43356323242188,36.923213958740234,39.619232177734375,103.64170837402344,152.61090087890625,128.7871856689453,75.6501235961914,54.418697357177734,99.59353637695312
2022-07-25,149.81088256835938,249.9560546875,36.88554000854492,39.51230239868164,104.05712890625,152.91236877441406,129.66067504882812,78.16948699951172,54.94883728027344,99.56443786621094
2022-07-26,148.48861694335938,243.26364135742188,36.6971549987793,39.05782699584961,102.43152618408203,153.99407958984375,129.9127960205078,77.86543273925781,55.850067138671875,96.74301147460938
2022-07-27,153.57205200195312,259.5262756347656,37.84629440307617,39.77963638305664,104.07518768310547,153.56846618652344,131.1464385986328,79.5508041381836,55.67335891723633,100.34978485107422
2022-07-28,154.12057495117188,266.933349609375,37.40359115600586,40.652923583984375,103.68685913085938,154.45510864257812,133.32565307617188,80.48035430908203,56.60110092163086,101.7071762084961
2022-07-29,159.1746826171875,271.1148986816406,34.20106506347656,40.43014907836914,104.1835708618164,154.7388458251953,125.0862045288086,84.20726013183594,56.69829177856445,102.87064361572266
2022-08-01,158.19517517089844,268.4785461425781,34.813316345214844,40.34995651245117,103.14497375488281,154.19801330566406,128.67910766601562,82.07882690429688,57.00753402709961,102.98699951171875
2022-08-02,156.7259521484375,265.39788818359375,33.91849136352539,40.02915573120117,101.53743743896484,153.32025146484375,127.82367706298828,81.72264862060547,56.230003356933594,101.52295684814453
2022-08-03,162.72039794921875,272.7856140136719,34.39887237548828,40.73313522338867,102.60311889648438,154.8009033203125,130.4621124267578,79.07298278808594,56.47740173339844,105.70177459716797
2022-08-04,162.4069366455078,273.92510986328125,33.927913665771484,40.43907165527344,101.4742202758789,152.3182830810547,130.2550048828125,75.74568939208984,56.25651168823242,104.82917022705078
2022-08-05,162.1813507080078,273.2104797363281,33.6710205078125,40.109344482421875,104.54480743408203,151.71539306640625,130.3179931640625,76.84031677246094,56.000282287597656,103.384521484375
2022-08-08,161.7105255126953,270.7093505859375,33.66151809692383,40.11825942993164,103.27141571044922,150.90853881835938,130.81329345703125,77.27467346191406,55.63801574707031,105.78904724121094
2022-08-09,161.7595977783203,272.621337890625,32.843284606933594,40.02915573120117,104.20161437988281,150.8907928466797,130.5071258544922,78.69943237304688,55.70869827270508,104.8388671875
2022-08-10,165.99679565429688,279.2462463378906,33.65199661254883,41.00938415527344,106.92000579833984,151.32525634765625,131.7407684326172,79.44654846191406,56.23884201049805,109.00799560546875
2022-08-11,165.2611846923828,277.17950439453125,33.86130905151367,40.90245056152344,108.50045776367188,148.19537353515625,130.80426025390625,81.7447509765625,55.85891342163086,114.10789489746094
2022-08-12,168.80197143554688,281.9018859863281,34.356056213378906,41.53514099121094,110.29767608642578,146.5639190673828,132.07395935058594,82.45527648925781,56.28302001953125,117.86979675292969
2022-08-15,169.87112426757812,283.4084777832031,34.574886322021484,41.5173225402832,110.595703125,147.26434326171875,133.77587890625,80.98160552978516,56.9898796081543,120.4779281616211
2022-08-16,169.7141876220703,282.6745910644531,34.43217086791992,41.677730560302734,111.65234375,148.57664489746094,135.00949096679688,80.22723388671875,57.45815658569336,121.1566162109375
2022-08-17,171.20506286621094,281.92938232421875,34.042083740234375,41.57969665527344,110.71309661865234,148.58551025390625,134.38819885253906,80.87633514404297,57.325618743896484,119.0720443725586
2022-08-18,170.8126983642578,280.8163757324219,34.441688537597656,43.9946403503418,109.85513305664062,147.8673095703125,134.8654327392578,82.78861236572266,57.626033782958984,118.93630981445312
2022-08-19,168.23312377929688,276.9259948730469,33.66151809692383,43.397586822509766,107.1367416381836,150.119384765625,134.82945251464844,82.52545166015625,57.581851959228516,116.48332977294922
2022-08-22,164.35877990722656,268.7967529296875,32.19631576538086,42.515380859375,105.36665344238281,149.5927734375,134.46926879882812,82.46404266357422,56.72480392456055,112.4111557006836
2022-08-23,164.0253143310547,267.52899169921875,32.30097198486328,42.248043060302734,104.32807922363281,148.28958129882812,131.87583923339844,85.96401977539062,56.786643981933594,111.36402130126953
2022-08-24,164.31956481933594,266.89990234375,32.2153434753418,41.94505310058594,104.58092498779297,147.79864501953125,131.3085479736328,86.47278594970703,56.866172790527344,112.8668441772461
2022-08-25,166.7716522216797,269.86126708984375,33.195308685302734,42.12328338623047,107.06452178955078,149.18218994140625,131.20045471191406,86.92015838623047,57.140071868896484,113.88489532470703
2022-08-26,160.4844512939453,259.4481201171875,31.73963165283203,40.89353561401367,103.56041717529297,146.6292724609375,128.12985229492188,85.84998321533203,55.76171112060547,110.59806823730469
2022-08-29,158.2874298095703,256.6803283691406,31.340030670166016,40.73313522338867,103.30754852294922,145.49569702148438,127.58956146240234,87.82365417480469,55.425968170166016,110.07450103759766
2022-08-30,155.8647918701172,254.4931182861328,30.693058013916016,40.31430435180664,103.3255844116211,144.98687744140625,126.2297592163086,84.48157501220703,54.91349792480469,109.00799560546875
2022-08-31,154.2071533203125,253.04150390625,30.36957359313965,39.85092544555664,102.71148681640625,144.0139617919922,124.21273803710938,83.84998321533203,54.52472686767578,108.66864776611328
2022-09-01,154.93296813964844,252.00601196289062,30.21734619140625,40.35886001586914,103.41592407226562,147.58433532714844,125.74354553222656,82.34124755859375,54.78096008300781,109.10493469238281
2022-09-02,152.8241729736328,247.80592346191406,29.703575134277344,39.73507308959961,102.69342041015625,145.2635955810547,123.5103530883789,83.84998321533203,54.02992630004883,107.81541442871094
2022-09-06,151.56869506835938,245.08648681640625,28.885345458984375,39.62813949584961,102.72049713134766,145.6563262939453,122.13263702392578,83.28860473632812,54.056434631347656,106.73919677734375
2022-09-07,152.97128295898438,249.77047729492188,29.161258697509766,40.11825942993164,104.6712417602539,146.45077514648438,123.97856903076172,82.57808685302734,55.05487060546875,109.26008605957031
2022-09-08,151.50003051757812,250.18661499023438,29.25640296936035,40.43014907836914,107.10964965820312,147.6290283203125,124.1407241821289,83.25352478027344,54.886985778808594,108.9110336303711
2022-09-09,154.35427856445312,255.93508911132812,29.931915283203125,40.78660583496094,107.62443542480469,147.91465759277344,126.03170776367188,84.64824676513672,55.06370162963867,111.67428588867188
2022-09-12,160.298095703125,258.0545349121094,30.027057647705078,41.3480110168457,108.8978500366211,147.85215759277344,127.05828094482422,85.62190246582031,55.222740173339844,112.84745788574219
2022-09-13,150.8918914794922,243.86709594726562,27.867319107055664,39.307342529296875,105.11377716064453,144.0050048828125,124.42887115478516,83.62193298339844,53.429107666015625,108.35838317871094
2022-09-14,152.333740234375,244.08970642089844,27.76266098022461,39.173675537109375,104.86993408203125,146.97744750976562,124.72599792480469,85.67455291748047,53.71184539794922,109.07585906982422
2022-09-15,149.4500732421875,237.47019958496094,27.439176559448242,38.57662582397461,106.45039367675781,147.35231018066406,123.76248168945312,83.18335723876953,52.98203659057617,107.39850616455078
2022-09-16,147.8120880126953,236.85079956054688,27.819746017456055,38.58552932739258,105.73693084716797,149.60174560546875,124.5188980102539,81.7623062133789,52.990943908691406,104.95521545410156
2022-09-19,151.51963806152344,236.6378936767578,28.010032653808594,38.58552932739258,106.7123031616211,148.42343139648438,124.25774383544922,81.75353240966797,53.391448974609375,105.84720611572266
2022-09-20,153.89328002929688,234.6346435546875,27.553346633911133,37.94392776489258,104.60804748535156,147.25413513183594,123.8165283203125,81.08687591552734,53.31134796142578,104.29591369628906
2022-09-21,150.7742156982422,231.2474365234375,27.08714485168457,37.06172180175781,101.59160614013672,145.74562072753906,122.2226333618164,79.77987670898438,52.8663444519043,101.30965423583984
2022-09-22,149.81301879882812,233.21200561523438,26.70657730102539,36.66962432861328,100.43563079833984,148.3341827392578,122.6549072265625,79.44654846191406,52.741737365722656,99.05058288574219
2022-09-23,147.54725646972656,230.25067138671875,26.18329429626465,36.232967376708984,98.5661849975586,148.81619262695312,122.08759307861328,75.2185287475586,52.15433120727539,96.47154235839844
2022-09-26,147.88075256347656,229.79579162597656,25.660005569458008,36.161685943603516,96.44384765625,147.9057159423828,122.20464324951172,73.6659164428711,51.50463104248047,95.13353729248047
2022-09-27,148.85174560546875,228.7893524169922,25.58388900756836,36.10822296142578,95.59492492675781,147.2273406982422,118.84586334228516,75.20975494384766,50.178531646728516,92.93263244628906
2022-09-28,146.96856689453125,233.2991180419922,25.81223487854004,36.838932037353516,97.52759552001953,148.49484252929688,118.84586334228516,77.94657135009766,50.712520599365234,96.37458038330078
2022-09-29,139.74961853027344,229.8441925048828,25.098663330078125,36.15277099609375,95.8748779296875,146.86135864257812,115.89227294921875,77.7886734008789,50.34762954711914,94.48392486572266
2022-09-30,135.55165100097656,225.39247131347656,24.518293380737305,35.64483642578125,94.3757095336914,145.8170166015625,113.68607330322266,76.58692169189453,49.85811996459961,91.45890045166016
2022-10-03,139.72018432617188,232.97976684570312,25.660005569458008,36.79438018798828,97.29278564453125,145.67417907714844,115.72117614746094,80.6307373046875,50.4188346862793,94.17366790771484
2022-10-04,143.3002471923828,240.85740661621094,26.354549407958984,37.61282730102539,101.84449768066406,147.83433532714844,117.15294647216797,83.56929779052734,50.5345344543457,98.35249328613281
2022-10-05,143.594482421875,241.1670684814453,26.297462463378906,37.76573181152344,100.58704376220703,147.37908935546875,116.34249877929688,86.94645690917969,50.053932189941406,97.73197174072266
2022-10-06,142.64306640625,238.8347625732422,25.85980796813965,37.343013763427734,98.53684997558594,144.52272033691406,113.8931884765625,89.5253677368164,48.977020263671875,96.9950942993164
2022-10-07,137.40541076660156,226.68931579589844,24.470722198486328,36.21876525878906,96.56867218017578,142.99636840820312,111.90310668945312,88.62188720703125,48.51421356201172,94.2027587890625
2022-10-10,137.7290802001953,221.86013793945312,23.975980758666992,35.87699508666992,95.66657257080078,143.18380737304688,111.44385528564453,86.70084381103516,48.40740966796875,92.26364135742188
2022-10-11,136.31668090820312,218.1439208984375,23.82375144958496,35.598182678222656,92.90564727783203,145.2546844482422,111.86709594726562,85.96401977539062,48.48751449584961,90.2663345336914
2022-10-12,135.68894958496094,218.4729766845703,24.09966468811035,35.31937026977539,94.40913391113281,145.21897888183594,112.04720306396484,86.34120178222656,49.074913024902344,90.56690216064453
2022-10-13,140.2498321533203,226.68931579589844,25.13671875,36.52456283569336,99.65763092041016,147.414794921875,113.74010467529297,89.35872650146484,49.724613189697266,93.69857025146484
2022-10-14,135.7281951904297,221.1923828125,24.651493072509766,36.15580749511719,101.31599426269531,146.79888916015625,112.63250732421875,87.00788116455078,48.932518005371094,91.57524108886719
2022-10-17,139.68092346191406,229.8732147216797,25.13671875,37.1451416015625,105.5712890625,148.70013427734375,114.66758728027344,88.26223754882812,49.564422607421875,94.36758422851562
2022-10-18,140.9952850341797,230.8119659423828,24.613435745239258,37.58585739135742,108.28665924072266,148.1824493408203,115.5950927734375,88.4201431274414,50.2319221496582,95.48258972167969
2022-10-19,141.10316467285156,228.85708618164062,24.737123489379883,37.66679763793945,106.16357421875,147.0041961669922,116.66667938232422,91.04291534423828,49.804718017578125,95.97705078125
2022-10-20,140.64218139648438,228.53768920898438,24.813236236572266,37.5139045715332,105.81730651855469,147.37908935546875,115.16398620605469,91.16572570800781,49.021514892578125,95.58924102783203
2022-10-21,144.44786071777344,234.31527709960938,25.660005569458008,38.494239807128906,111.37562561035156,150.59251403808594,116.60591888427734,92.85868072509766,49.804718017578125,98.93423461914062
2022-10-24,146.58604431152344,239.27992248535156,25.85980796813965,39.15979766845703,111.5123062133789,152.6187286376953,117.32234191894531,93.5077896118164,51.23762893676758,98.62396240234375
2022-10-25,149.420654296875,242.57998657226562,26.078632354736328,39.89730453491211,111.80386352539062,152.3777313232422,118.67359161376953,92.87623596191406,52.46583938598633,101.18362426757812
2022-10-26,146.4879913330078,223.86338806152344,25.888347625732422,39.9152946472168,113.08866119384766,153.7166290283203,119.50791931152344,93.9814682006836,52.857444763183594,101.44539642333984
2022-10-27,142.02517700195312,219.4407196044922,24.994007110595703,39.951263427734375,113.53516387939453,153.805908203125,119.59861755371094,94.34112548828125,52.98203659057617,101.26117706298828
2022-10-28,152.75552368164062,228.26670837402344,27.658004760742188,41.04853439331055,114.88372039794922,156.09100341796875,122.6275634765625,97.104248046875,54.07674789428711,102.7252197265625
2022-10-31,150.40151977539062,224.64727783203125,27.04909324645996,40.85966110229492,114.70147705078125,155.28761291503906,122.12879943847656,97.20074462890625,53.266841888427734,103.29727172851562
2022-11-01,147.76303100585938,220.81494140625,26.925405502319336,40.88664245605469,116.76988983154297,154.5021209716797,122.31922149658203,98.16565704345703,53.07994079589844,102.7737045288086
2022-11-02,142.25070190429688,213.00509643554688,26.08814811706543,40.08617401123047,115.6946792602539,152.1277618408203,120.55987548828125,96.14813232421875,52.34123992919922,98.7209243774414
2022-11-03,136.21864318847656,207.3436279296875,26.05960464477539,39.43861389160156,115.90426635742188,152.38662719726562,119.73462677001953,97.45510864257812,52.31454086303711,96.22914123535156
2022-11-04,135.95333862304688,214.2534637451172,27.19263458251953,40.04121017456055,119.0752182006836,153.06503295898438,121.92021179199219,98.51651763916016,52.741737365722656,96.54910278320312
2022-11-07,136.4838409423828,220.5246124267578,27.395132064819336,40.06819534301758,119.70394134521484,154.40394592285156,123.7883529663086,99.68316650390625,52.94644546508789,97.37323760986328
2022-11-08,137.05369567871094,221.4923553466797,27.462629318237305,40.12215805053711,119.77684783935547,155.17160034179688,124.0694808959961,99.99896240234375,53.044342041015625,96.85935974121094
2022-11-09,132.50486755371094,217.27291870117188,26.536924362182617,39.49256896972656,118.21871185302734,153.93084716796875,123.77021789550781,95.52531433105469,52.30563735961914,84.10961151123047
2022-11-10,144.29444885253906,235.14752197265625,28.69690704345703,41.066524505615234,123.08448791503906,155.73391723632812,128.03253173828125,96.92882537841797,54.183555603027344,87.7066879272461
2022-11-11,147.0748291015625,239.14443969726562,29.342975616455078,40.2840461730957,123.28495025634766,151.07449340820312,127.84208679199219,99.95511627197266,54.57514572143555,92.11820983886719
2022-11-14,145.67974853515625,233.76364135742188,29.26582908630371,40.23907470703125,122.0184097290039,153.44882202148438,127.85116577148438,100.24690246582031,54.050052642822266,91.41041564941406
2022-11-15,147.40884399414062,234.1700897216797,29.612966537475586,40.38298416137695,121.13452911376953,153.87730407714844,127.40679931640625,100.91893005371094,53.96105194091797,92.60298156738281
2022-11-16,146.18077087402344,234.59715270996094,28.475120544433594,39.92428207397461,121.29855346679688,154.83241271972656,128.5403594970703,99.84015655517578,53.86315155029297,91.09046173095703
2022-11-17,148.07696533203125,234.548583984375,28.822261810302734,41.9029655456543,120.77006530761719,156.08206176757812,127.75141906738281,99.97277069091797,54.03225326538086,88.66654205322266
2022-11-18,148.63694763183594,234.10215759277344,28.802978515625,42.98225021362305,121.9546127319336,157.2781524658203,129.29310607910156,99.1062240600586,54.41495132446289,89.00589752197266
2022-11-21,145.4144744873047,234.90771484375,27.906198501586914,42.829345703125,121.23475646972656,158.08670043945312,130.93453979492188,98.12470245361328,55.251556396484375,94.60997009277344
2022-11-22,147.54640197753906,237.7997283935547,28.754762649536133,43.51287841796875,123.04805755615234,158.8502960205078,132.0590362548828,100.963134765625,55.49187088012695,93.28167724609375
2022-11-23,148.42083740234375,240.2744903564453,28.61012077331543,43.68376922607422,124.36016845703125,159.0209503173828,132.81175231933594,100.45912170410156,55.74106216430664,95.87040710449219
2022-11-25,145.51271057128906,240.18719482421875,28.29191017150879,43.530879974365234,124.59710693359375,159.2276153564453,133.05661010742188,100.10542297363281,55.794464111328125,95.86072540283203
2022-11-28,141.69093322753906,234.62625122070312,27.70370101928711,43.24306869506836,122.4193344116211,159.30844116210938,132.94778442382812,97.09898376464844,55.80335998535156,92.77750396728516
2022-11-29,138.69439697265625,233.2384490966797,27.86762809753418,43.422943115234375,124.4330825805664,158.19447326660156,131.9320831298828,97.74449920654297,55.60756301879883,91.80793762207031
2022-11-30,145.43406677246094,247.61141967773438,28.995832443237305,44.71807861328125,125.90921020507812,159.91038513183594,135.26939392089844,98.45189666748047,57.01478576660156,94.89115142822266
2022-12-01,145.70921325683594,247.17471313476562,28.764404296875,44.942928314208984,124.14149475097656,160.5751953125,135.3509979248047,97.97439575195312,57.176116943359375,95.58924102783203
2022-12-02,145.21798706054688,247.4949951171875,28.35940933227539,44.70009231567383,123.15740203857422,160.70095825195312,136.58436584472656,97.1432113647461,57.67805480957031,96.40367126464844
2022-12-05,144.05865478515625,242.81716918945312,28.127981185913086,44.367313385009766,119.70394134521484,160.61109924316406,135.2058868408203,94.48160552978516,56.88930130004883,93.01020050048828
2022-12-06,140.40390014648438,237.88710021972656,27.578346252441406,43.701759338378906,119.90442657470703,158.20346069335938,135.37823486328125,91.85542297363281,56.86241149902344,89.48098754882812
2022-12-07,138.46844482421875,237.15921020507812,27.317991256713867,43.3330078125,119.82241821289062,159.16473388671875,136.2488250732422,91.65203094482422,56.9520378112793,89.34524536132812
2022-12-08,140.1484375,240.09979248046875,27.424062728881836,44.061519622802734,121.07986450195312,159.1916961669922,137.2282257080078,92.33290100097656,57.19404983520508,89.73307800292969
2022-12-09,139.66705322265625,238.17823791503906,27.231203079223633,43.5848388671875,120.42381286621094,157.88003540039062,136.86549377441406,91.55477905273438,56.59351348876953,90.53781127929688
2022-12-12,141.95620727539062,245.0590057373047,27.66512680053711,44.34033203125,122.2917709350586,159.76663208007812,138.27114868164062,93.80960083007812,57.337459564208984,91.77885437011719
2022-12-13,142.91900634765625,249.33889770507812,27.70370101928711,44.6461181640625,122.17330932617188,160.99745178222656,138.06259155273438,94.83531951904297,57.35538101196289,91.817626953125
2022-12-14,140.69863891601562,249.63003540039062,27.250490188598633,44.34033203125,121.56277465820312,161.49151611328125,138.60670471191406,94.13675689697266,57.35538101196289,91.28437805175781
2022-12-15,134.10630798339844,241.66226196289062,26.18014144897461,43.306026458740234,118.54674530029297,159.4522247314453,137.0377960205078,93.23482513427734,56.566619873046875,87.73577117919922
2022-12-16,132.15121459960938,237.4697723388672,25.958358764648438,43.00022888183594,117.80865478515625,157.81716918945312,136.43019104003906,92.58049011230469,56.24394989013672,87.33824920654297
2022-12-19,130.04873657226562,233.35487365722656,25.833005905151367,42.63147735595703,118.51029205322266,157.64651489257812,136.39390563964844,92.99608612060547,56.324607849121094,83.16913604736328
2022-12-20,129.97998046875,234.6650390625,25.495506286621094,42.604496002197266,119.08435821533203,157.81716918945312,136.4483642578125,94.34014129638672,56.2797966003418,84.37138366699219
2022-12-21,133.07469177246094,237.21743774414062,25.871570587158203,42.86532211303711,120.42381286621094,159.62290954589844,137.69984436035156,95.55155944824219,57.18508529663086,84.27442932128906
2022-12-22,129.9111785888672,231.16160583496094,25.042295455932617,42.55952072143555,119.0570068359375,159.03895568847656,138.01722717285156,93.62390899658203,56.77277755737305,84.03203582763672
2022-12-23,129.54766845703125,231.6856231689453,25.158008575439453,42.70343017578125,119.62194061279297,159.4432373046875,138.40716552734375,96.09979248046875,57.202999114990234,85.33124542236328
2022-12-27,127.74974822998047,229.9678955078125,25.01336669921875,42.74839782714844,120.0411148071289,159.3983154296875,139.6133270263672,97.43498992919922,57.55257034301758,83.74117279052734
2022-12-28,123.82974243164062,227.60955810546875,24.627655029296875,42.334678649902344,120.6971664428711,158.70654296875,137.80862426757812,95.83451843261719,56.97892379760742,81.6081314086914
2022-12-29,127.33711242675781,233.8983612060547,25.273719787597656,42.721412658691406,121.3896713256836,159.5150909423828,138.3799591064453,96.55960083007812,57.31953048706055,84.5265121459961
2022-12-30,127.65148162841797,232.74351501464844,25.48586082458496,42.847328186035156,122.19154357910156,158.69754028320312,137.44589233398438,97.53227996826172,57.01478576660156,84.23564147949219
2023-01-03,122.87674713134766,232.5105743408203,25.775144577026367,43.117149353027344,123.12092590332031,160.08108520507812,137.4549560546875,94.18097686767578,56.4232063293457,86.26203155517578
2023-01-04,124.14411926269531,222.3397979736328,26.691207885742188,43.10808181762695,124.2690658569336,161.8239288330078,138.05348205566406,94.45508575439453,56.39631652832031,89.180419921875
2023-01-05,122.82760620117188,215.7501678466797,26.57549476623535,42.50067901611328,124.24151611328125,160.6290740966797,136.3395233154297,96.56842803955078,55.750972747802734,89.12224578857422
2023-01-06,127.346923828125,218.29281616210938,27.70370101928711,43.806156158447266,126.61895751953125,161.93174743652344,139.58607482910156,97.73564147949219,56.826560974121094,91.0613784790039
2023-01-09,127.86766052246094,220.41822814941406,28.262981414794922,44.0418701171875,126.0957260131836,157.73629760742188,137.8811798095703,95.91410064697266,56.118465423583984,91.885498046875
2023-01-10,128.43748474121094,222.09718322753906,28.388338088989258,44.25038528442383,127.22479248046875,157.35902404785156,137.74517822265625,97.34658813476562,55.68822479248047,92.65145111083984
2023-01-11,131.14910888671875,228.81297302246094,28.783693313598633,44.61301803588867,128.17025756835938,157.10745239257812,136.62973022460938,98.47840881347656,55.580665588378906,93.39801788330078
2023-01-12,131.07049560546875,231.4721221923828,29.207977294921875,44.422630310058594,128.041748046875,156.31686401367188,135.85885620117188,100.11426544189453,54.86362075805664,96.7720947265625
2023-01-13,132.3968048095703,232.1708984375,29.034404754638672,44.3138427734375,131.27284240722656,155.80482482910156,136.82923889160156,100.05237579345703,55.06081008911133,96.37458038330078
2023-01-17,133.55615234375,233.25782775878906,28.542625427246094,43.58858108520508,129.2442169189453,154.84356689453125,136.43019104003906,99.85783386230469,55.284881591796875,96.86905670166016
2023-01-18,132.83895874023438,228.85177612304688,27.780841827392578,42.51880645751953,125.36140441894531,152.50778198242188,132.77549743652344,97.80638122558594,53.60877227783203,96.02552795410156
2023-01-19,132.89785766601562,225.08627319335938,27.404775619506836,42.119903564453125,123.6907730102539,152.30117797851562,129.967529296875,98.43419647216797,53.528099060058594,96.0643081665039
2023-01-20,135.45225524902344,233.13168334960938,28.17619514465332,42.410011291503906,123.99370574951172,151.59146118164062,130.46946716308594,100.22920989990234,53.85077667236328,100.33039855957031
2023-01-23,138.63546752929688,235.42202758789062,29.188688278198242,43.06275939941406,126.00393676757812,151.20513916015625,128.71728515625,99.70751190185547,53.985225677490234,102.47312927246094
2023-01-24,140.03054809570312,234.89794921875,28.8511905670166,43.34379959106445,127.08708953857422,151.20513916015625,129.4199676513672,100.6359634399414,54.27204895019531,102.7737045288086
2023-01-25,139.372314453125,233.5101776123047,28.639053344726562,43.497920989990234,127.70210266113281,152.28318786621094,129.32870483398438,100.10542297363281,54.61265182495117,104.82917022705078
2023-01-26,141.43548583984375,240.6820831298828,29.015119552612305,43.82428741455078,128.49147033691406,151.7261962890625,128.80857849121094,104.12874603271484,54.50508499145508,106.36109161376953
2023-01-27,143.37094116210938,240.83737182617188,27.15406036376953,43.9784049987793,128.8036346435547,151.13330078125,128.279296875,102.22760009765625,54.218265533447266,106.20594787597656
2023-01-30,140.4923095703125,235.54820251464844,26.95156478881836,43.71549987792969,127.71131134033203,145.5364227294922,128.68080139160156,100.41490936279297,54.35271072387695,104.31529998779297
2023-01-31,141.75970458984375,240.4977264404297,27.250490188598633,44.12345504760742,128.47317504882812,146.81207275390625,129.93101501464844,102.58131408691406,54.96220397949219,105.18790435791016
2023-02-01,142.8797149658203,245.29196166992188,28.03155517578125,44.032806396484375,128.133544921875,148.15969848632812,130.67022705078125,101.45832061767578,54.9711799621582,106.06050872802734
2023-02-02,148.17520141601562,256.7923278808594,29.111547470092773,44.712738037109375,127.536865234375,148.71665954589844,129.73941040039062,98.28386688232422,54.0300407409668,109.76424407958984
2023-02-03,151.7906494140625,250.72674560546875,29.236902236938477,44.087196350097656,129.51043701171875,147.88116455078125,130.14089965820312,98.96472930908203,53.62670135498047,107.34034729003906
2023-02-06,149.0692138671875,249.19332885742188,28.00222396850586,43.126220703125,130.2722930908203,146.7582244873047,129.0366973876953,98.79674530029297,53.93144226074219,106.52590942382812
2023-02-07,151.93798828125,259.6649169921875,28.353595733642578,43.370994567871094,131.8603057861328,146.7941131591797,127.77735900878906,101.61746978759766,53.84181213378906,108.23233795166016
2023-02-08,149.255859375,258.8594055175781,27.563013076782227,42.57319641113281,130.93319702148438,146.9827880859375,126.45417022705078,100.73323822021484,53.528099060058594,108.37777709960938
2023-02-09,148.2242889404297,255.84120178222656,27.06524085998535,42.364688873291016,128.89541625976562,144.99734497070312,125.06705474853516,101.11346435546875,53.43846130371094,107.00098419189453
2023-02-10,148.58836364746094,255.33657836914062,27.133562088012695,42.845176696777344,129.46450805664062,145.67115783691406,126.1712417602539,105.37553405761719,53.43846130371094,104.77099609375
2023-02-13,151.3828582763672,263.3139953613281,27.865581512451172,43.38912582397461,130.86895751953125,146.21018981933594,127.82300567626953,104.96564483642578,54.31686019897461,104.3831787109375
2023-02-14,150.74325561523438,264.138916015625,27.95342445373535,43.244075775146484,131.44723510742188,145.57235717773438,127.10206604003906,103.73600006103516,53.41157913208008,104.3831787109375
2023-02-15,152.83914184570312,262.02764892578125,28.15839195251465,43.92401123046875,131.99801635742188,143.1737060546875,126.81006622314453,103.42413330078125,53.41157913208008,105.91507720947266
2023-02-16,151.24508666992188,255.0518341064453,27.523975372314453,46.22674560546875,130.1805419921875,142.1585693359375,125.14918518066406,103.12116241455078,53.0799446105957,102.60887145996094
2023-02-17,150.1036834716797,251.072509765625,26.948118209838867,46.02728271484375,130.5660400390625,145.1264190673828,127.76826477050781,99.15599822998047,53.88662338256836,102.01744842529297
2023-02-21,146.09893798828125,245.8284454345703,25.435274124145508,45.04817199707031,128.17025756835938,142.96380615234375,127.67698669433594,99.0579833984375,53.59980773925781,98.98269653320312
2023-02-22,146.5220489501953,244.6998748779297,24.859416961669922,44.703670501708984,127.1880874633789,142.76478576660156,128.2154083251953,97.77487182617188,53.761146545410156,98.58518981933594
2023-02-23,147.00418090820312,247.87164306640625,24.996063232421875,44.61301803588867,128.2069549560547,142.71954345703125,127.80471801757812,98.67481994628906,53.859737396240234,98.63365936279297
2023-02-24,144.35733032226562,242.47195434570312,24.537330627441406,43.951210021972656,129.36354064941406,141.12701416015625,127.08380889892578,98.68376159667969,53.63566207885742,97.24718475341797
2023-02-27,145.5479278564453,243.38648986816406,24.303083419799805,44.177852630615234,130.4925994873047,140.8193817138672,126.97429656982422,98.50553131103516,53.617733001708984,97.39260864257812
2023-02-28,145.0460968017578,242.66648864746094,24.332365036010742,43.896812438964844,131.5849609375,138.67491149902344,125.5324478149414,97.93526458740234,53.33987808227539,96.57819366455078
2023-03-01,142.9797821044922,239.60177612304688,24.722774505615234,43.82428741455078,130.8506317138672,138.0506134033203,125.62370300292969,98.8084945678711,52.75727462768555,95.54075622558594
2023-03-02,143.57015991210938,244.3107147216797,25.57192039489746,43.99654006958008,129.49209594726562,137.94200134277344,127.69523620605469,99.26290893554688,53.528099060058594,95.90918731689453
2023-03-03,148.60804748535156,248.37757873535156,25.76712417602539,44.67646789550781,131.8695068359375,139.3626251220703,128.6260528564453,100.519287109375,53.277130126953125,98.0616226196289
2023-03-06,151.36317443847656,249.9147491455078,25.366952896118164,44.80339431762695,131.0984649658203,140.75601196289062,128.07852172851562,101.41034698486328,54.101741790771484,97.59624481201172
2023-03-07,149.16891479492188,247.26840209960938,24.917978286743164,44.341041564941406,127.24313354492188,139.42591857910156,125.5324478149414,99.45004272460938,53.788028717041016,96.044921875
2023-03-08,150.4185333251953,246.83058166503906,25.35719108581543,44.5223503112793,126.49046325683594,138.40347290039062,125.55072021484375,97.99763488769531,53.81492233276367,96.27761840820312
2023-03-09,148.1750946044922,245.48797607421875,25.80616569519043,44.25038528442383,119.64268493652344,136.8471221923828,124.62902069091797,97.24024200439453,53.295066833496094,93.21379852294922
2023-03-10,146.11862182617188,241.8589630126953,26.567468643188477,44.02373504638672,122.68103790283203,137.1819305419922,125.19483184814453,96.03731536865234,53.07097625732422,90.7220230102539
2023-03-13,148.05703735351562,247.04464721679688,26.303937911987305,43.88774871826172,120.47801971435547,138.4939422607422,126.06175994873047,94.93242645263672,53.60877227783203,89.78154754638672
2023-03-14,150.14303588867188,253.72862243652344,27.33852767944336,44.46796417236328,123.57142639160156,139.27212524414062,127.62223052978516,95.2888412475586,53.805965423583984,90.5184097290039
2023-03-15,150.53663635253906,258.2527160644531,27.728939056396484,44.47703170776367,117.73340606689453,139.6611785888672,129.4291229248047,90.5484619140625,54.164485931396484,90.2663345336914
2023-03-16,153.3507537841797,268.72137451171875,29.456510543823242,45.4379997253418,120.01904296875,139.37161254882812,130.3964385986328,90.02274322509766,54.46253967285156,91.42010498046875
2023-03-17,152.514404296875,271.8639221191406,29.09537696838379,45.501468658447266,115.4844741821289,137.87867736816406,130.4329071044922,88.96239471435547,54.20964813232422,90.36327362060547
2023-03-20,154.8759002685547,264.8589172363281,28.46095848083496,46.18140411376953,116.70532989501953,139.2449493408203,132.4405975341797,91.28802490234375,54.73349380493164,91.35223388671875
2023-03-21,156.7257843017578,266.3669128417969,27.777738571166992,45.93662643432617,119.83545684814453,139.2449493408203,131.48236083984375,95.37796020507812,54.48060989379883,93.60163116455078
2023-03-22,155.29901123046875,264.917236328125,27.45564842224121,44.839656829833984,116.7420425415039,136.6752471923828,131.40028381347656,93.19488525390625,54.23674011230469,92.01155090332031
2023-03-23,156.38137817382812,270.1418762207031,28.334077835083008,45.084434509277344,116.4299545288086,136.74761962890625,131.21771240234375,92.14344024658203,54.11933135986328,92.91323852539062
2023-03-24,157.68020629882812,272.9730224609375,28.656166076660156,45.79157638549805,114.65835571289062,138.1230010986328,133.8915557861328,92.2503662109375,55.004451751708984,91.21650695800781
2023-03-27,155.74180603027344,268.896484375,28.480480194091797,45.818782806396484,117.94452667236328,138.71112060546875,133.1888885498047,94.27304077148438,55.4109001159668,92.70964050292969
2023-03-28,155.1219024658203,267.77764892578125,28.58784294128418,45.68278121948242,118.30254364013672,137.3719482421875,133.56301879882812,95.44922637939453,55.47412109375,91.9339828491211
2023-03-29,158.19186401367188,272.9147033691406,30.764385223388672,46.389923095703125,118.54117584228516,138.72015380859375,133.97369384765625,97.08875274658203,55.871524810791016,93.92158508300781
2023-03-30,159.7563934326172,276.3587951660156,31.32071876525879,46.625633239746094,118.18318939208984,138.8287353515625,134.5577392578125,97.56101989746094,55.86249542236328,95.11414337158203
2023-03-31,162.25563049316406,280.49371337890625,31.886810302734375,47.3962287902832,119.61518096923828,140.24932861328125,135.6893310546875,97.71248626708984,56.025062561035156,97.08235931396484
2023-04-03,163.50526428222656,279.4527587890625,32.10154724121094,47.423431396484375,119.47748565673828,141.9232635498047,136.43760681152344,103.47756958007812,56.35924530029297,96.72361755371094
2023-04-04,162.9739532470703,279.4040222167969,32.30649948120117,47.33208465576172,117.88025665283203,143.40719604492188,137.09466552734375,102.488525390625,56.18763732910156,96.53941345214844
2023-04-05,161.13392639160156,276.6408996582031,32.04298400878906,47.33208465576172,118.05604553222656,149.84962463378906,138.0345916748047,104.243896484375,56.720523834228516,96.86905670166016
2023-04-06,162.0194854736328,283.7043762207031,32.023460388183594,46.829715728759766,117.9265365600586,149.43341064453125,138.91064453125,102.51525115966797,56.75664520263672,96.92723846435547
2023-04-10,159.43165588378906,281.5542297363281,31.74041175842285,46.88452911376953,118.31509399414062,148.68240356445312,137.7608184814453,102.0608139038086,56.62117385864258,97.74166870117188
2023-04-11,158.2213592529297,275.1718444824219,31.57448387145996,46.23601531982422,118.89791107177734,148.63714599609375,137.48707580566406,102.7825698852539,56.52182388305664,97.36353302001953
2023-04-12,157.53260803222656,275.81396484375,31.252397537231445,45.77018737792969,118.8794174194336,148.32044982910156,137.86123657226562,102.6756591796875,56.62117385864258,94.95902252197266
2023-04-13,162.90504455566406,281.9920349121094,31.359764099121094,46.400421142578125,119.33274841308594,150.3020477294922,138.50001525878906,103.15680694580078,57.036643981933594,97.77075958251953
2023-04-14,162.5606689453125,278.3922119140625,31.12551498413086,46.162933349609375,128.34353637695312,150.05772399902344,137.79734802246094,103.40630340576172,56.946319580078125,96.85935974121094
2023-04-17,162.580322265625,280.9801330566406,31.369518280029297,45.925453186035156,129.36114501953125,149.9039306640625,137.84295654296875,102.20337677001953,57.31663131713867,97.24718475341797
2023-04-18,163.8004608154297,280.5617980957031,31.06695556640625,45.952857971191406,130.81361389160156,145.68740844726562,137.98899841308594,104.19932556152344,57.406959533691406,97.85801696777344
2023-04-19,164.9418487548828,280.6397705078125,30.40325355529785,43.879459381103516,130.64710998535156,147.062744140625,138.016357421875,103.8696517944336,57.51533508300781,95.74436950683594
2023-04-20,163.97760009765625,278.3630065917969,30.120206832885742,42.545894622802734,130.2677764892578,148.01278686523438,138.52230834960938,103.04096984863281,57.76823425292969,95.0850601196289
2023-04-21,162.37371826171875,278.0225524902344,29.573631286621094,42.9569206237793,130.0179901123047,147.20751953125,143.3157196044922,103.37066650390625,57.84951400756836,96.53941345214844
2023-04-24,162.67874145507812,274.1405334472656,28.948972702026367,43.28575134277344,130.1937713623047,148.1033172607422,143.57284545898438,105.32205200195312,57.75919723510742,96.64605712890625
2023-04-25,161.1437530517578,267.9624938964844,28.187673568725586,43.0117301940918,127.36288452148438,149.4604949951172,143.6095733642578,103.82508850097656,57.66888427734375,95.02688598632812
2023-04-26,161.13392639160156,287.372314453125,28.353595733642578,42.50936508178711,125.10552215576172,147.14418029785156,141.94749450683594,102.87165832519531,57.397926330566406,93.66950225830078
2023-04-27,165.70938110351562,296.5761413574219,29.144180297851562,42.52762985229492,126.78931427001953,147.4879913330078,143.6830596923828,104.10132598876953,57.51533508300781,96.88844299316406
2023-04-28,166.95899963378906,298.9403381347656,30.315410614013672,43.15787124633789,127.89019775390625,148.12136840820312,143.60040283203125,105.44680786132812,57.93983459472656,99.3802261352539
2023-05-01,166.87042236328125,297.28643798828125,29.573631286621094,43.24007797241211,130.6285858154297,148.03091430664062,143.7748565673828,102.17666625976562,58.075313568115234,99.09905242919922
2023-05-02,165.8372344970703,297.14044189453125,29.05633544921875,42.34495162963867,128.519287109375,149.32479858398438,143.6463165283203,98.10456085205078,57.813385009765625,97.53804779052734
2023-05-03,164.76475524902344,296.15777587890625,29.915239334106445,41.979591369628906,125.79940795898438,147.37039184570312,143.46266174316406,96.17098999023438,57.48823928833008,97.7901382446289
2023-05-04,163.13133239746094,297.14044189453125,30.615957260131836,41.74211502075195,124.07864379882812,146.70077514648438,142.801513671875,94.48690032958984,57.55146789550781,94.48392486572266
2023-05-05,170.78662109375,302.2386169433594,30.370952606201172,42.24448013305664,126.50249481201172,147.19845581054688,143.2790069580078,96.83927154541016,57.822425842285156,97.46048736572266
2023-05-08,170.7176971435547,300.2926940917969,30.15534782409668,42.326683044433594,126.80781555175781,146.86366271972656,142.60865783691406,97.22242736816406,57.73210525512695,99.83592224121094
2023-05-09,169.01547241210938,298.6874084472656,29.49873161315918,42.4454231262207,126.19721984863281,145.7235565185547,141.14859008789062,97.2491455078125,57.2534065246582,99.0699691772461
2023-05-10,170.77676391601562,303.8536071777344,29.371326446533203,42.66464614868164,126.261962890625,146.2664794921875,141.44244384765625,96.00167846679688,57.35276412963867,98.0616226196289
2023-05-11,170.9636993408203,301.713134765625,28.28350067138672,42.354087829589844,125.86417388916016,145.6693115234375,141.7730255126953,94.2641372680664,57.67790985107422,89.50038146972656
2023-05-12,170.03750610351562,300.6040344238281,28.3717041015625,42.66464614868164,124.06015014648438,145.47926330566406,143.2147216796875,94.2552261352539,57.90370559692383,89.19010925292969
2023-05-15,169.54486083984375,301.0807800292969,29.204723358154297,43.02085876464844,125.10552215576172,144.36634826660156,143.26063537597656,94.43497467041016,57.75016784667969,90.03363800048828
2023-05-16,169.54486083984375,303.29901123046875,28.636308670043945,42.85645294189453,124.26370239257812,144.1763153076172,143.01271057128906,92.14308166503906,57.0998649597168,88.21086883544922
2023-05-17,170.15574645996094,306.16571044921875,28.293302536010742,43.50496292114258,128.08445739746094,143.859619140625,142.40664672851562,94.21028900146484,57.036643981933594,89.94638061523438
2023-05-18,172.4811248779297,310.57293701171875,29.087120056152344,44.02560043334961,129.05589294433594,143.39813232421875,140.0650177001953,95.06413269042969,56.720523834228516,90.90623474121094
2023-05-19,172.58949279785156,310.3974304199219,29.33212661743164,44.87505340576172,128.7598419189453,143.7872314453125,140.6527099609375,95.50452423095703,56.747623443603516,88.5696029663086
2023-05-22,171.64358520507812,313.16650390625,29.67513656616211,44.59190368652344,127.69593811035156,143.01229858398438,136.97042846679688,94.34510803222656,55.55540466308594,89.02528381347656
2023-05-23,169.04232788085938,307.394287109375,28.920516967773438,44.674110412597656,126.36371612548828,142.95761108398438,135.4920196533203,95.63036346435547,55.4560546875,87.08617401123047
2023-05-24,169.3182373046875,306.01947021484375,28.420703887939453,44.2174186706543,125.20732116699219,142.8208770751953,134.37168884277344,96.69991302490234,54.98639678955078,86.35899353027344
2023-05-25,170.45132446289062,317.78826904296875,26.852663040161133,44.783714294433594,125.51258087158203,140.7696075439453,133.50851440429688,94.96525573730469,54.5618896484375,85.45729064941406
2023-05-26,172.85552978515625,324.5843811035156,28.420703887939453,45.541831970214844,126.68754577636719,140.71490478515625,133.51766967773438,94.34510803222656,54.42641067504883,85.60272216796875
2023-05-30,174.6980743408203,322.9463195800781,29.390928268432617,45.824981689453125,127.1685791015625,140.733154296875,131.47914123535156,93.50923156738281,53.99287796020508,85.14703369140625
2023-05-31,174.6488037109375,320.1966857910156,30.811962127685547,45.36829376220703,125.54962921142578,141.36219787597656,130.85467529296875,91.8375015258789,53.88449478149414,85.28277587890625
2023-06-01,177.4471435546875,324.2821044921875,30.508155822753906,45.432228088378906,127.27962493896484,140.8881378173828,132.1953582763672,92.89806365966797,54.19157791137695,85.89360046386719
2023-06-02,178.2945098876953,327.03179931640625,30.684558868408203,45.68798065185547,129.95326232910156,143.103515625,134.5461883544922,95.05513763427734,55.239288330078125,88.00724029541016
2023-06-05,176.94459533691406,327.558349609375,29.263526916503906,45.86151123046875,128.67654418945312,144.33421325683594,134.01358032226562,94.63270568847656,54.86897659301758,88.2302474975586
2023-06-06,176.58009338378906,325.35467529296875,30.341550827026367,45.49616241455078,128.90786743164062,144.2065887451172,132.68209838867188,95.40567779541016,54.47157669067383,89.35494995117188
2023-06-07,175.21044921875,315.3117370605469,30.655160903930664,45.4687614440918,130.15676879882812,144.51657104492188,132.9667205810547,97.54474639892578,54.39029312133789,89.70397186279297
2023-06-08,177.9200897216797,317.14483642578125,31.184371948242188,45.37742614746094,130.1937713623047,146.1028289794922,134.4727020263672,97.23917388916016,54.5257568359375,89.71368408203125
2023-06-09,178.30438232421875,318.63653564453125,30.713958740234375,45.359153747558594,130.45281982421875,145.87493896484375,134.58291625976562,96.52015686035156,54.616085052490234,89.13194274902344
2023-06-12,181.0928192138672,323.5703430175781,32.40940856933594,46.10813903808594,130.44357299804688,145.77464294433594,133.52687072753906,95.64832305908203,54.381256103515625,90.30512237548828
2023-06-13,180.61990356445312,325.9494934082031,33.23262405395508,46.400421142578125,131.38720703125,146.5404510498047,133.20547485351562,95.66631317138672,54.598018646240234,90.99349975585938
2023-06-14,181.25050354003906,328.9233703613281,34.8692626953125,46.54656219482422,130.8968963623047,147.2880096435547,134.454345703125,94.515869140625,54.968326568603516,89.63611602783203
2023-06-15,183.28028869628906,339.4148864746094,35.10447311401367,47.432559967041016,132.37705993652344,149.2663116455078,136.31846618652344,95.17198181152344,55.72368621826172,90.1112060546875
2023-06-16,182.2062530517578,333.7888488769531,35.64348220825195,47.56043243408203,132.53436279296875,149.7221221923828,137.31936645507812,94.48889923095703,56.124122619628906,88.54051208496094
2023-06-20,182.29493713378906,329.61566162109375,34.30084991455078,47.08546829223633,131.85902404785156,149.63096618652344,136.05215454101562,92.32283020019531,55.7509880065918,87.01829528808594
2023-06-21,181.26034545898438,325.2376708984375,32.2427978515625,46.44608688354492,131.66476440429688,149.403076171875,137.2275390625,93.35643768310547,55.905704498291016,85.94207763671875
2023-06-22,184.2557373046875,331.23419189453125,32.05659484863281,46.692710876464844,129.12989807128906,150.9893798828125,137.69586181640625,92.84413146972656,56.287933349609375,85.79664611816406
2023-06-23,183.9404296875,326.66119384765625,32.340797424316406,45.971126556396484,128.45452880859375,150.86172485351562,136.32762145996094,92.03523254394531,55.696388244628906,85.41851043701172
2023-06-26,182.5511474609375,320.4013977050781,32.67401123046875,45.86151123046875,128.76907348632812,149.17515563964844,136.4653778076172,93.73393249511719,55.71458053588867,86.000244140625
2023-06-27,185.30018615722656,326.22247314453125,33.418827056884766,46.45522689819336,128.77835083007812,148.8651885986328,137.7601318359375,93.96762084960938,55.59627914428711,86.34929656982422
2023-06-28,186.4727325439453,327.4705810546875,32.8994140625,46.464359283447266,128.21400451660156,148.5643310546875,137.7326202392578,94.73157501220703,55.07754135131836,86.12629699707031
2023-06-29,186.80772399902344,326.69049072265625,32.252601623535156,46.7749137878418,132.6916046142578,149.6036376953125,137.17245483398438,95.89999389648438,54.62250518798828,86.24263763427734
2023-06-30,191.1234588623047,332.0435485839844,32.77201461791992,47.25901412963867,134.55117797851562,150.898193359375,139.33961486816406,96.39433288574219,54.80451965332031,86.5625991821289
2023-07-03,189.6356201171875,329.55712890625,32.94841766357422,47.33208465576172,135.63356018066406,148.91990661621094,140.03746032714844,96.58306121826172,55.132144927978516,87.74546813964844
2023-07-05,188.52218627929688,329.7131652832031,31.8605899810791,47.40571594238281,134.73001098632812,148.42762756347656,139.7987518310547,96.08873748779297,55.54167938232422,87.05707550048828
2023-07-06,188.99517822265625,332.7552795410156,31.331375122070312,47.03757858276367,133.3979949951172,147.32447814941406,139.56915283203125,92.50259399414062,55.11394119262695,86.03903198242188
2023-07-07,187.88172912597656,328.80633544921875,31.213773727416992,46.92714309692383,134.45057678222656,145.1820831298828,136.63986206054688,92.71830749511719,54.38587951660156,85.94207763671875
2023-07-10,185.84210205078125,323.55084228515625,32.085994720458984,47.30447769165039,135.20506286621094,145.41909790039062,136.69493103027344,94.09343719482422,53.97635269165039,85.41851043701172
2023-07-11,185.3199005126953,324.1749267578125,32.634803771972656,47.96710205078125,137.3195343017578,144.6168212890625,135.9786834716797,95.2438735961914,54.167457580566406,86.76620483398438
2023-07-12,186.98509216308594,328.7868957519531,33.30122375488281,46.69707107543945,137.99951171875,144.11544799804688,136.685791015625,95.71125030517578,54.45869064331055,87.4061279296875
2023-07-13,187.7437744140625,334.110595703125,33.193424224853516,47.42411804199219,138.67018127441406,144.78094482421875,136.77755737304688,93.9586181640625,54.922828674316406,87.71637725830078
2023-07-14,187.8916015625,336.6263122558594,32.4878044128418,46.36574935913086,139.508544921875,145.747314453125,137.78770446777344,90.7229995727539,55.42335891723633,85.92269897460938
2023-07-17,191.14315795898438,337.10406494140625,33.68343734741211,46.7614860534668,142.87118530273438,145.01797485351562,136.81434631347656,91.11847686767578,55.34145736694336,82.9558334350586
2023-07-18,190.88699340820312,350.5206604003906,33.81084442138672,47.1572265625,143.13201904296875,145.00885009765625,137.07142639160156,90.70502471923828,55.123046875,83.33394622802734
2023-07-19,192.2368927001953,346.2207946777344,33.77163314819336,48.25240707397461,143.68157958984375,144.71714782714844,138.00808715820312,91.33418273925781,56.09681701660156,84.39077758789062
2023-07-20,190.2957763671875,338.2156066894531,32.70341491699219,48.197181701660156,145.45140075683594,153.5055389404297,139.1271209716797,92.94300079345703,56.77937316894531,83.5860366821289
2023-07-21,189.12326049804688,335.19293212890625,33.34042739868164,48.43647384643555,144.33363342285156,155.15565490722656,141.31715393066406,93.37442779541016,56.82487487792969,84.5265121459961
2023-07-24,189.92138671875,336.4994812011719,32.95821762084961,48.87822723388672,147.1746826171875,155.967041015625,141.7699432373047,94.83941650390625,56.84307098388672,83.96417999267578
2023-07-25,190.77857971191406,342.2230224609375,33.418827056884766,49.32917404174805,146.07550048828125,157.1613006591797,142.10264587402344,94.98323059082031,56.6519660949707,83.02368927001953
2023-07-26,191.64566040039062,329.3426513671875,33.67363357543945,48.97945785522461,146.9510955810547,157.462158203125,142.25045776367188,94.45295715332031,57.3800163269043,83.24669647216797
2023-07-27,190.38441467285156,322.46856689453125,33.859840393066406,48.7769889831543,145.330322265625,158.3464813232422,140.55943298339844,94.74955749511719,56.82487487792969,82.76191711425781
2023-07-28,192.9561767578125,329.92767333984375,36.094295501708984,47.93949508666992,146.1593475341797,159.06666564941406,144.5329132080078,93.61708068847656,56.86128616333008,83.50847625732422
2023-07-31,193.5670623779297,327.5387878417969,35.05546951293945,47.89347457885742,147.13742065429688,152.73062133789062,144.43124389648438,96.38533020019531,56.360740661621094,86.1844711303711
2023-08-01,192.7393798828125,327.9483337402344,35.084869384765625,48.46408462524414,146.4108123779297,153.97048950195312,144.3850555419922,95.82809448242188,56.21512985229492,86.32020568847656
2023-08-02,189.7538604736328,319.32891845703125,33.70303726196289,48.39045715332031,144.75279235839844,154.900390625,144.69923400878906,94.63270568847656,56.38804244995117,83.67330932617188
2023-08-03,188.3645477294922,318.50982666015625,34.17344665527344,48.9150390625,145.63766479492188,155.56590270996094,145.0780792236328,96.27747344970703,56.09681701660156,82.88795471191406
2023-08-04,179.31927490234375,319.6018981933594,34.56195068359375,48.43647384643555,145.330322265625,154.1072235107422,143.48870849609375,96.54711151123047,55.25046157836914,83.67330932617188
2023-08-07,176.22537231445312,321.8736877441406,34.65047073364258,48.786190032958984,146.01962280273438,157.80856323242188,145.00418090820312,96.34937286376953,55.68729019165039,84.18717956542969
2023-08-08,177.16139221191406,317.9150390625,34.44392395019531,48.83221435546875,145.19992065429688,157.88153076171875,145.16127014160156,96.82575225830078,55.44156265258789,85.44760131835938
2023-08-09,175.57504272460938,314.1903381347656,33.716094970703125,48.76778793334961,143.25308227539062,157.78125,144.97645568847656,98.47050476074219,55.56897735595703,84.82707214355469
2023-08-10,175.35824584960938,314.8729248046875,34.10951614379883,49.11750793457031,143.0388641357422,156.9607391357422,144.2556610107422,98.97383117675781,55.44156265258789,88.96711730957031
2023-08-11,175.4174346923828,313.0008239746094,34.31605911254883,49.50404357910156,143.8678741455078,158.49234008789062,145.09657287597656,100.51074981689453,55.66908645629883,86.31051635742188
2023-08-14,177.06520080566406,315.9552001953125,35.09306335449219,49.58687210083008,144.16598510742188,158.1185760498047,143.9599609375,100.59161376953125,55.4051628112793,86.10690307617188
2023-08-15,175.08200073242188,313.8295593261719,34.198036193847656,49.099098205566406,140.49591064453125,157.6627197265625,143.03590393066406,98.00910949707031,55.03203201293945,84.4101791381836
2023-08-16,174.2137451171875,313.0673828125,32.978431701660156,48.74017333984375,139.8997802734375,157.1613006591797,141.57586669921875,96.35990905761719,55.041141510009766,83.7217788696289
2023-08-17,171.6780242919922,309.6280517578125,32.044063568115234,50.369144439697266,138.4466094970703,158.63818359375,140.55943298339844,98.2265853881836,55.159446716308594,83.30485534667969
2023-08-18,172.16151428222656,309.2371520996094,32.21126174926758,50.65443801879883,138.76333618164062,157.25247192382812,140.9567413330078,99.71266174316406,55.468868255615234,83.3436508178711
2023-08-21,173.49346923828125,314.5135803222656,32.5948486328125,51.0225715637207,139.23837280273438,152.56651306152344,140.24525451660156,98.50749206542969,54.995635986328125,83.26608276367188
2023-08-22,174.8649139404297,315.080322265625,32.34896469116211,51.04097366333008,136.35079956054688,151.35401916503906,140.30067443847656,97.95472717285156,54.65890884399414,83.17882537841797
2023-08-23,178.70301818847656,319.51641845703125,33.4210319519043,51.51953887939453,137.27297973632812,149.99563598632812,141.61285400390625,97.0938949584961,54.85002517700195,83.21761322021484
2023-08-24,174.02626037597656,312.6472473144531,32.05389404296875,50.8385124206543,137.1425323486328,150.50616455078125,140.9567413330078,96.36896514892578,54.704410552978516,79.95987701416016
2023-08-25,176.22653198242188,315.58843994140625,32.703041076660156,51.26185607910156,136.97488403320312,152.66412353515625,141.88082885742188,98.09064483642578,54.959232330322266,80.82279205322266
2023-08-28,177.78543090820312,316.2919616699219,33.066951751708984,51.72201919555664,137.44996643066406,150.86427307128906,142.10264587402344,98.9152603149414,55.11394119262695,81.59843444824219
2023-08-29,181.6629638671875,320.8941345214844,33.74560546875,52.0533332824707,138.5677032470703,150.8826446533203,142.18577575683594,99.5042495727539,55.05934524536133,81.83113861083984
2023-08-30,185.14588928222656,321.2655029296875,33.96198272705078,52.28341293334961,138.00885009765625,150.3500518798828,142.34286499023438,100.47383880615234,55.03203201293945,81.71478271484375
2023-08-31,185.3629608154297,320.259033203125,34.56195068359375,52.78037643432617,136.30419921875,148.4675750732422,142.6200714111328,100.75472259521484,54.44959259033203,81.13304138183594
2023-09-01,186.9317169189453,321.1384582519531,36.00776672363281,53.23134231567383,136.76063537597656,147.3656463623047,142.77719116210938,102.8660659790039,53.97635269165039,79.15514373779297
2023-09-05,187.16851806640625,325.91650390625,36.10612106323242,52.69755172729492,135.25161743164062,147.54930114746094,140.86439514160156,102.8751220703125,53.53041458129883,78.71883392333984
2023-09-06,180.46914672851562,325.2618408203125,36.37167739868164,52.60552215576172,135.02810668945312,145.0974884033203,140.58714294433594,103.76313781738281,53.4940185546875,78.51522827148438
2023-09-07,175.1905517578125,322.35980224609375,37.551944732666016,52.2650032043457,133.87303161621094,146.95242309570312,141.92701721191406,103.25570678710938,53.0844841003418,78.1176986694336
2023-09-08,175.80224609375,326.6200256347656,37.384735107421875,52.154563903808594,133.97549438476562,147.43911743164062,141.31715393066406,104.75991821289062,53.0844841003418,79.09696197509766
2023-09-11,176.9665069580078,330.2060546875,37.955196380615234,52.31101989746094,134.56234741210938,149.3675079345703,142.99893188476562,103.44599151611328,53.58502197265625,80.00833892822266
2023-09-12,173.9473419189453,324.1772155761719,38.22075271606445,51.89686584472656,136.3135528564453,150.21229553222656,140.48548889160156,106.4634780883789,53.05717086791992,81.13304138183594
2023-09-13,171.88522338867188,328.36907958984375,38.07322311401367,51.7956428527832,136.3787384033203,150.58883666992188,141.4650115966797,105.51202392578125,53.1845817565918,80.93913269042969
2023-09-14,173.39483642578125,330.9486389160156,38.033878326416016,51.87845993041992,139.024169921875,150.35923767089844,143.01744079589844,107.39681243896484,53.6248893737793,81.90869140625
2023-09-15,172.674560546875,322.6627502441406,37.256874084472656,51.57476806640625,138.61428833007812,148.25636291503906,141.816162109375,105.74761962890625,53.14789581298828,82.97521209716797
2023-09-18,175.59506225585938,321.5292663574219,37.36506652832031,51.639183044433594,138.90306091308594,149.1930389404297,142.35208129882812,106.59940338134766,53.47812271118164,82.43225860595703
2023-09-19,176.68035888671875,321.1286315917969,35.742210388183594,51.39069747924805,138.72607421875,148.94509887695312,141.93626403808594,106.31849670410156,53.36804962158203,79.44600677490234
2023-09-20,173.14816284179688,313.428955078125,34.11935043334961,51.077789306640625,138.1392364501953,149.59707641601562,141.816162109375,105.47577667236328,53.60654067993164,80.0471420288086
2023-09-21,171.60894775390625,312.2173156738281,34.08000946044922,49.08990478515625,137.0587158203125,148.44921875,140.58714294433594,103.98968505859375,52.78097915649414,80.21196746826172
2023-09-22,172.45748901367188,309.7550354003906,33.61774444580078,49.301570892333984,135.7453155517578,147.3839874267578,140.06967163085938,104.15280151367188,52.83600997924805,78.7770004272461
2023-09-25,173.73028564453125,310.2729187011719,33.72593307495117,49.21874237060547,136.41600036621094,147.1636199951172,139.21954345703125,105.32174682617188,52.28564453125,78.5443115234375
2023-09-26,169.665283203125,304.9964904785156,33.273502349853516,48.510101318359375,135.00013732910156,146.02496337890625,137.98130798339844,105.48483276367188,51.85451889038086,77.613525390625
2023-09-27,168.15567016601562,305.631591796875,34.040672302246094,48.96105194091797,135.79188537597656,144.2710723876953,136.15164184570312,108.91913604736328,51.32248306274414,77.46809387207031
2023-09-28,168.41220092773438,306.46221923828125,34.601287841796875,49.58687210083008,137.47789001464844,144.0598602294922,135.2275848388672,108.25765228271484,51.19406509399414,77.69110107421875
2023-09-29,168.9252471923828,308.5238952636719,34.965206146240234,49.476436614990234,135.083984375,143.0221710205078,134.7840118408203,106.5450439453125,51.35000991821289,78.58309936523438
2023-10-02,171.43136596679688,314.4353942871094,34.87668228149414,50.05623245239258,133.9196319580078,142.47122192382812,134.1648712158203,104.77803802490234,50.891361236572266,79.18421936035156
2023-10-03,170.09938049316406,306.2179260253906,35.102901458740234,49.73179626464844,132.93226623535156,142.64569091796875,134.44212341308594,104.95927429199219,50.34098815917969,77.11906433105469
2023-10-04,171.34255981445312,311.660400390625,35.33895492553711,49.5463981628418,133.5283966064453,142.81097412109375,134.88565063476562,101.03564453125,50.48775100708008,76.90575408935547
2023-10-05,172.5758819580078,312.05126953125,35.29960632324219,49.194156646728516,134.09140014648438,144.298583984375,132.8804473876953,98.76119232177734,48.04774856567383,78.35040283203125
2023-10-06,175.12147521972656,319.7704772949219,35.59467697143555,49.5463981628418,136.15582275390625,144.75772094726562,133.14840698242188,97.11200714111328,48.74489974975586,80.41557312011719
2023-10-09,176.6014404296875,322.2718505859375,35.46681594848633,49.982078552246094,135.84613037109375,145.5841827392578,132.47386169433594,100.51006317138672,48.50640106201172,82.12199401855469
2023-10-10,176.0094451904297,320.8746032714844,35.83073425292969,49.935726165771484,136.671875,145.41888427734375,133.78604125976562,100.08418273925781,49.561283111572266,82.40318298339844
2023-10-11,177.40065002441406,324.8123779296875,36.27332305908203,49.74106216430664,137.14105224609375,143.41702270507812,132.1411895751953,96.49584197998047,49.26774978637695,82.26742553710938
2023-10-12,178.29852294921875,323.58123779296875,36.233985900878906,49.91718673706055,136.822021484375,143.55477905273438,132.4369354248047,96.47771453857422,48.442195892333984,81.78265380859375
2023-10-13,176.4633026123047,320.229736328125,35.3782958984375,49.84303283691406,138.8770294189453,144.03228759765625,133.70286560058594,99.55860900878906,48.51557159423828,81.78265380859375
2023-10-16,176.33505249023438,325.02734375,35.95859146118164,50.20455551147461,138.73629760742188,144.65670776367188,134.9780731201172,99.63111877441406,49.01090621948242,83.10126495361328
2023-10-17,174.78599548339844,324.46063232421875,35.46681594848633,50.000614166259766,138.43600463867188,143.3343963623047,135.15365600585938,100.93595123291016,49.59797668457031,83.57634735107422
2023-10-18,173.49346923828125,322.55517578125,35.0537223815918,49.84303283691406,136.9158935546875,140.24896240234375,138.63735961914062,102.34955596923828,49.57963180541992,82.10261535644531
2023-10-19,173.11856079101562,323.737548828125,35.083229064941406,49.4258918762207,136.3340606689453,139.8724822998047,137.857177734375,102.41297912597656,49.85481262207031,80.71614074707031
2023-10-20,170.572998046875,319.1940002441406,34.3455696105957,49.06438446044922,134.13832092285156,140.49693298339844,137.67120361328125,100.6550521850586,50.05662155151367,80.13439178466797
2023-10-23,170.69140625,321.7833251953125,33.29317092895508,48.3876953125,132.3085479736328,139.0184783935547,137.76417541503906,99.17803192138672,49.607154846191406,80.57069396972656
2023-10-24,171.12550354003906,322.96563720703125,34.020999908447266,49.1385383605957,132.4680633544922,138.87155151367188,139.39149475097656,98.21749877929688,51.038124084472656,80.0471420288086
2023-10-25,168.81675720214844,332.87359619140625,32.289947509765625,48.57309341430664,131.74551391601562,139.18377685546875,140.0424346923828,98.39873504638672,51.478424072265625,78.13709259033203
2023-10-26,164.6629180908203,320.38604736328125,31.985048294067383,47.618309020996094,132.0833282470703,136.8238067626953,139.29852294921875,97.50166320800781,51.16654586791992,77.35174560546875
2023-10-27,165.97512817382812,322.2620544433594,34.95536422729492,47.79443359375,127.32585144042969,133.70166015625,136.84361267089844,95.64405822753906,50.67121124267578,76.91544342041016
2023-10-30,168.0175323486328,329.5904541015625,35.102901458740234,47.80370330810547,128.94918823242188,135.01475524902344,138.79638671875,95.9430923461914,51.50594711303711,78.22435760498047
2023-10-31,168.4911651611328,330.3721618652344,35.899574279785156,48.32280731201172,130.48809814453125,136.2177276611328,139.51239013671875,95.9158935546875,51.81782913208008,79.1066665649414
2023-11-01,171.6484375,338.1499938964844,36.67658233642578,48.37842559814453,130.37548828125,136.5391387939453,139.12185668945312,95.72559356689453,51.7719612121582,78.60249328613281
2023-11-02,175.2003936767578,340.3485107421875,37.07984161376953,48.89753341674805,132.70265197753906,137.9624786376953,140.82354736328125,98.86994934082031,52.368202209472656,80.75492095947266
2023-11-03,174.29266357421875,344.7259521484375,37.512596130371094,49.1385383605957,134.1852569580078,138.97256469726562,139.5496063232422,97.66476440429688,52.04714584350586,82.4807357788086
2023-11-06,176.83822631835938,348.3705749511719,37.44845962524414,49.398094177246094,135.1986846923828,139.30316162109375,140.358642578125,95.93403625488281,52.25813293457031,81.46268463134766
2023-11-07,179.39369201660156,352.279052734375,38.25762176513672,49.24977493286133,135.13299560546875,138.5685272216797,140.0331573486328,94.42981719970703,52.45075225830078,82.01534271240234
2023-11-08,180.44943237304688,354.887939453125,37.418853759765625,49.1292610168457,135.79922485351562,138.0634765625,139.49378967285156,93.26995849609375,52.368202209472656,81.92808532714844
2023-11-09,179.97579956054688,352.4353942871094,37.30044174194336,48.202301025390625,135.39573669433594,135.37290954589844,139.8099822998047,93.29712677001953,51.97376251220703,87.59033203125
2023-11-10,184.1548614501953,361.20989990234375,38.346431732177734,48.74921798706055,137.40383911132812,135.21681213378906,140.79566955566406,94.01299285888672,52.028804779052734,85.58333587646484
2023-11-13,182.57412719726562,358.2882995605469,37.72475814819336,48.41550064086914,136.7938690185547,135.5657501220703,141.77206420898438,95.00067138671875,52.221435546875,86.71773529052734
2023-11-14,185.1823272705078,361.7961120605469,38.889163970947266,49.28684997558594,139.28993225097656,135.59329223632812,141.4558868408203,95.36647033691406,52.37737274169922,88.2981185913086
2023-11-15,185.74545288085938,361.9429626464844,40.07330322265625,49.388824462890625,140.50978088378906,136.64015197753906,140.80494689941406,94.79036712646484,52.478271484375,91.0710678100586
2023-11-16,187.4250030517578,368.3071594238281,42.77709197998047,44.53150939941406,142.11439514160156,137.8339080810547,142.11611938476562,93.69305419921875,52.42324447631836,91.6334228515625
2023-11-17,187.4052276611328,362.1192626953125,43.23101806640625,44.27195739746094,143.3999481201172,137.54922485351562,140.4794921875,95.97913360595703,52.52413558959961,91.28437805175781
2023-11-20,189.14405822753906,369.55059814453125,44.14872360229492,44.744712829589844,143.8409423828125,138.76182556152344,139.73556518554688,95.55850219726562,52.65256118774414,92.13758087158203
2023-11-21,188.3437957763672,365.27197265625,43.063262939453125,44.30903625488281,143.54067993164062,139.8818359375,139.12185668945312,95.52191162109375,53.23045349121094,91.57524108886719
2023-11-22,189.00572204589844,369.9520263671875,43.09286117553711,44.56858444213867,143.8784942626953,139.6041717529297,140.43301391601562,95.11042785644531,53.588199615478516,92.1763687133789
2023-11-24,187.68185424804688,369.54083251953125,43.3790283203125,44.828128814697266,144.0755615234375,141.15919494628906,140.7677764892578,95.62250518798828,53.725799560546875,93.13624572753906
2023-11-27,187.5040283203125,370.6961364746094,43.4974479675293,44.42954635620117,143.74713134765625,140.0299072265625,140.63758850097656,95.06468200683594,53.6248893737793,92.27333068847656
2023-11-28,188.10667419433594,374.70074462890625,43.64546203613281,44.35538864135742,144.0755615234375,140.35391235351562,141.61395263671875,95.00982666015625,53.73496627807617,89.68458557128906
2023-11-29,187.08908081054688,370.93115234375,44.34607696533203,44.54077911376953,144.80747985839844,140.79820251464844,140.5352783203125,93.58332061767578,53.41392135620117,89.68458557128906
2023-11-30,187.66209411621094,370.9898986816406,44.1092529296875,44.84667205810547,146.45896911621094,143.15855407714844,142.7577667236328,93.94910430908203,54.03339385986328,89.86881256103516
2023-12-01,188.93655395507812,366.681884765625,43.16194152832031,44.93010711669922,147.172119140625,146.60195922851562,141.9580535888672,94.17770385742188,54.21830749511719,89.76216888427734
2023-12-04,187.1483612060547,361.4241027832031,41.79030990600586,44.54077911376953,148.25125122070312,147.06475830078125,141.4001007080078,93.66561126708984,54.15359115600586,89.20951080322266
2023-12-05,191.0902862548828,364.73345947265625,41.365989685058594,44.42954635620117,148.2324676513672,146.75929260253906,136.47164916992188,91.84589385986328,54.2368049621582,88.02664947509766
2023-12-06,190.0035858154297,361.0911865234375,40.72458267211914,44.216339111328125,146.6748046875,144.97283935546875,136.3693389892578,90.62969207763672,54.181331634521484,88.71503448486328
2023-12-07,191.9300537109375,363.1961975097656,41.59295654296875,44.73543930053711,147.12521362304688,143.84352111816406,136.22987365722656,89.99873352050781,54.31077575683594,89.53915405273438
2023-12-08,193.35272216796875,366.40771484375,42.13568878173828,44.84667205810547,148.74859619140625,142.9364471435547,134.97450256347656,91.03205871582031,54.190574645996094,90.28816223144531
2023-12-11,190.8531951904297,363.5389404296875,43.95136260986328,45.78291320800781,149.29281616210938,143.52882385253906,135.59754943847656,91.09606170654297,54.58815002441406,89.68506622314453
2023-12-12,192.36474609375,366.5545349121094,43.45797348022461,45.727294921875,150.62530517578125,143.5380859375,135.70912170410156,89.66039276123047,54.93949508666992,88.58589172363281
2023-12-13,195.57562255859375,366.5447692871094,43.98097229003906,46.06100082397461,151.1320037841797,144.2045440673828,138.16403198242188,90.45596313476562,55.41103744506836,90.29788970947266
2023-12-14,195.72381591796875,358.2811584472656,44.582908630371094,45.829261779785156,153.88137817382812,145.20420837402344,134.51885986328125,92.88835144042969,54.58815002441406,91.37760925292969
2023-12-15,195.19032287597656,362.9808654785156,45.54995346069336,46.22785949707031,155.04493713378906,143.62139892578125,133.867919921875,92.26654052734375,54.181331634521484,90.91069030761719
2023-12-18,193.5305633544922,364.8606872558594,45.08616638183594,46.57083511352539,155.98330688476562,143.88055419921875,135.92300415039062,92.95236206054688,54.56965637207031,90.32707214355469
2023-12-19,194.56788635253906,365.4580078125,46.0433464050293,46.51522445678711,158.0664520263672,144.82473754882812,135.92300415039062,94.17770385742188,54.393985748291016,91.36788177490234
2023-12-20,192.48333740234375,362.8731689453125,45.155242919921875,46.1629638671875,156.2836151123047,141.87196350097656,133.8214569091797,92.60486602783203,53.26597595214844,88.78043365478516
2023-12-21,192.3351287841797,365.7321472167969,46.45779800415039,46.070274353027344,157.17501831054688,143.32518005371094,134.14686584472656,93.0255126953125,53.617332458496094,89.50997924804688
2023-12-22,191.2681427001953,366.7503662109375,47.365638732910156,46.43179702758789,157.0811767578125,143.8990936279297,135.09535217285156,93.19011688232422,53.922447204589844,88.53724670410156
2023-12-26,190.72474670410156,366.8287658691406,49.83259963989258,46.60791015625,158.01016235351562,144.5285186767578,135.70912170410156,93.40042114257812,54.14434051513672,88.46916198730469
2023-12-27,190.8235321044922,366.25103759765625,50.08916091918945,46.75623321533203,158.95791625976562,144.722900390625,135.82070922851562,92.96150207519531,54.28303527832031,87.91471099853516
2023-12-28,191.24835205078125,367.435791015625,49.724056243896484,46.79330825805664,159.80242919921875,144.93577575683594,135.51385498046875,91.61727905273438,54.32001495361328,87.93416595458984
2023-12-29,190.2110137939453,368.17987060546875,49.58590316772461,46.83039093017578,159.6147918701172,145.0839080810547,136.26702880859375,91.42525482177734,54.486446380615234,87.82716369628906
